{
"type": "FeatureCollection",
"name": "distritos",
"crs": { "type": "name", "properties": { "name": "urn:ogc:def:crs:OGC:1.3:CRS84" } },
"features": [
{ "type": "Feature", "properties": { "distrito": "Callao", "denuncias_total": 701, "denuncias_100m": 106, "tiene_ibc": true, "victimas_estimadas": 2594.0, "desconfianza_idx": 60.2, "pct_denuncias": 66.7, "pct_desconfianza": 20.0, "brecha": -46.7, "locales_afectados": 121.0, "alumnos_expuestos": 24727.0, "docentes_expuestos": 1429.0, "inseguridad_col_educativa_pct": 43.0, "comisaria_mala_pct": 62.7, "pnp_atencion_mala_pct": 75.0, "temor_extorsion_pct": 26.6, "n_modulo_percepcion": null }, "geometry": { "type": "Polygon", "coordinates": [ [ [ -77.129945622999969, -11.936819645999947 ], [ -77.132443384999988, -11.938291785999979 ], [ -77.138320593999936, -11.93923708899996 ], [ -77.135102839999945, -11.955396807999932 ], [ -77.138911103999988, -11.956631332999962 ], [ -77.135076821999974, -11.955484731999945 ], [ -77.134725731999936, -11.957656793999945 ], [ -77.136944351999944, -11.958082733999959 ], [ -77.138748083999985, -11.958966194999959 ], [ -77.134723792999978, -11.957730502999937 ], [ -77.133184380999978, -11.975683600999957 ], [ -77.133908073999976, -11.983876481999971 ], [ -77.134811792999983, -11.984003565999956 ], [ -77.134072444999958, -11.984907533999944 ], [ -77.136896630999956, -11.991123731999949 ], [ -77.138097079999966, -12.006873850999966 ], [ -77.14095654099998, -12.015882690999945 ], [ -77.143616146999989, -12.020448604999956 ], [ -77.145746110999937, -12.031046854999943 ], [ -77.148542985999939, -12.030892604999963 ], [ -77.147712860999945, -12.037853479999967 ], [ -77.148982579999938, -12.038669940999966 ], [ -77.15548010699996, -12.046159139999929 ], [ -77.149543405999964, -12.039428475999955 ], [ -77.147682741999972, -12.038138741999944 ], [ -77.147379360999935, -12.038124463999964 ], [ -77.147554253999942, -12.038163725999937 ], [ -77.148553624999977, -12.038752641999963 ], [ -77.151043472999959, -12.041491383999926 ], [ -77.151522661999934, -12.044728110999927 ], [ -77.151008745999945, -12.041509649999966 ], [ -77.147557718999963, -12.038196891999974 ], [ -77.148807515999977, -12.040574573999947 ], [ -77.148755901999948, -12.040923448999933 ], [ -77.147343800999977, -12.038220057999979 ], [ -77.146762989999957, -12.039303369999971 ], [ -77.142999831999987, -12.037407338999969 ], [ -77.141185610999969, -12.038005854999938 ], [ -77.142693460999965, -12.038921852999977 ], [ -77.140780087999985, -12.038864045999958 ], [ -77.143683610999972, -12.040378854999972 ], [ -77.140733843999953, -12.03897965799996 ], [ -77.142381310999951, -12.040713830999948 ], [ -77.138838870999962, -12.039041744999963 ], [ -77.14055964299996, -12.040165403999936 ], [ -77.140154360999986, -12.04111910499995 ], [ -77.142717743999981, -12.042377184999964 ], [ -77.140852769999981, -12.042363866999949 ], [ -77.141488192999986, -12.046610022999971 ], [ -77.145120130999942, -12.042979934999948 ], [ -77.146394515999987, -12.044030440999961 ], [ -77.144061013999988, -12.046760035999966 ], [ -77.14576593399994, -12.047328342999947 ], [ -77.144095812999979, -12.04743792499994 ], [ -77.144172855999955, -12.048247715999935 ], [ -77.145843431999936, -12.048137748999977 ], [ -77.144292985999982, -12.049861354999962 ], [ -77.145981202999963, -12.049747952999951 ], [ -77.146032866999974, -12.050522914999931 ], [ -77.144324235999989, -12.050660104999963 ], [ -77.144390610999949, -12.051523479999958 ], [ -77.146118972999943, -12.051607866999973 ], [ -77.144433392999986, -12.052006219999953 ], [ -77.147134591999986, -12.055450338999947 ], [ -77.15172785599998, -12.051707702999977 ], [ -77.152682243999948, -12.052464426999961 ], [ -77.154585985999972, -12.049683604999927 ], [ -77.155049099999985, -12.049373584999955 ], [ -77.152700892999974, -12.052591719999953 ], [ -77.153455298999972, -12.053769153999951 ], [ -77.148941667999964, -12.057398129999967 ], [ -77.148633968999945, -12.058554391999962 ], [ -77.150239903999989, -12.058927901999937 ], [ -77.15055555899994, -12.060359618999939 ], [ -77.150487919999989, -12.058815166999977 ], [ -77.151468702999978, -12.061374221999927 ], [ -77.155671118999976, -12.064606438999931 ], [ -77.156419860999961, -12.063912104999929 ], [ -77.155742569999973, -12.064643715999978 ], [ -77.158529386999987, -12.066071416999932 ], [ -77.15716896899994, -12.068207356999949 ], [ -77.154210985999953, -12.067152354999962 ], [ -77.152943360999984, -12.067681604999962 ], [ -77.153451235999967, -12.06870310499994 ], [ -77.151919860999953, -12.068781229999956 ], [ -77.152785110999957, -12.068121104999932 ], [ -77.150865235999959, -12.067050729999949 ], [ -77.149480485999959, -12.068017729999951 ], [ -77.150156235999987, -12.068781229999956 ], [ -77.148999985999978, -12.068933604999927 ], [ -77.149322235999989, -12.067841854999926 ], [ -77.148113235999972, -12.067392604999952 ], [ -77.146816360999935, -12.068080104999979 ], [ -77.147501985999952, -12.069158229999971 ], [ -77.146787110999981, -12.069265604999941 ], [ -77.146553907999987, -12.06775524699998 ], [ -77.145688847999963, -12.06751365599996 ], [ -77.132593220999979, -12.070492467999941 ], [ -77.134272177999947, -12.059694996999951 ], [ -77.119528038999988, -12.057955307999976 ], [ -77.078118362999987, -12.050038373999939 ], [ -77.077730831999986, -12.048886202999938 ], [ -77.077946774999987, -12.04662123199995 ], [ -77.098397329999955, -12.04841197199994 ], [ -77.099248228999954, -12.03968772199994 ], [ -77.093480731999989, -12.038430840999979 ], [ -77.093513401999985, -12.036233496999955 ], [ -77.095171552999943, -12.036558606999961 ], [ -77.09505853099995, -12.034178391999944 ], [ -77.096295317999989, -12.033643508999944 ], [ -77.090831546999937, -12.023134575999961 ], [ -77.091447655999957, -12.022628916999963 ], [ -77.090164358999971, -12.019829938999976 ], [ -77.087343800999975, -12.015485201999979 ], [ -77.089306542999964, -12.011723149999966 ], [ -77.09083714999997, -12.011791018999929 ], [ -77.091733419999969, -12.009481754999968 ], [ -77.09357648799994, -12.009944725999958 ], [ -77.094168431999947, -12.005803164999975 ], [ -77.094877485999973, -12.006102828999929 ], [ -77.095723919999955, -12.004804121999939 ], [ -77.097643468999934, -12.005846715999951 ], [ -77.098149321999983, -12.004515731999959 ], [ -77.100053827999943, -12.004416860999982 ], [ -77.103343651999978, -11.99758593699994 ], [ -77.10468689299995, -12.000251998999943 ], [ -77.107134753999958, -11.999306188999981 ], [ -77.110259556999949, -11.99419391899994 ], [ -77.112954769999988, -11.997015010999974 ], [ -77.11804651999995, -11.994862422999972 ], [ -77.118482769999957, -11.99168483099993 ], [ -77.112701294999965, -11.981981842999971 ], [ -77.112538538999956, -11.979375278999953 ], [ -77.109709761999966, -11.976155881999944 ], [ -77.115930995999975, -11.970678377999945 ], [ -77.117765261999978, -11.970743563999974 ], [ -77.11697070699995, -11.966761715999951 ], [ -77.118238282999982, -11.963791018999927 ], [ -77.11739453499996, -11.96230468899995 ], [ -77.118703120999953, -11.960050785999954 ], [ -77.118078127, -11.956736328999966 ], [ -77.120363278999946, -11.95436719099996 ], [ -77.120429688999934, -11.95052734099994 ], [ -77.123494146999974, -11.946902344999955 ], [ -77.126226562999989, -11.945244143999957 ], [ -77.128501954999933, -11.937591793999957 ], [ -77.129945622999969, -11.936819645999947 ] ] ] } },
{ "type": "Feature", "properties": { "distrito": "Carabayllo", "denuncias_total": 525, "denuncias_100m": 32, "tiene_ibc": true, "victimas_estimadas": 1942.0, "desconfianza_idx": 69.4, "pct_denuncias": 40.0, "pct_desconfianza": 80.0, "brecha": 40.0, "locales_afectados": 35.0, "alumnos_expuestos": 3897.0, "docentes_expuestos": 227.0, "inseguridad_col_educativa_pct": 58.1, "comisaria_mala_pct": 73.8, "pnp_atencion_mala_pct": 76.4, "temor_extorsion_pct": 43.2, "n_modulo_percepcion": null }, "geometry": { "type": "Polygon", "coordinates": [ [ [ -76.804867610999963, -11.755873854999948 ], [ -76.807060294999985, -11.752908395999953 ], [ -76.809371989999988, -11.752465158999939 ], [ -76.812014098999953, -11.75029015299998 ], [ -76.819157971999971, -11.747657887999935 ], [ -76.824512155999969, -11.746904309999934 ], [ -76.827297811999983, -11.74768243699998 ], [ -76.833819530999961, -11.743755688999954 ], [ -76.839800655999966, -11.747418459999949 ], [ -76.846811532999936, -11.745873162999942 ], [ -76.853618993999987, -11.748767873999952 ], [ -76.857681628999956, -11.747700633999955 ], [ -76.860592319999967, -11.748584750999953 ], [ -76.867745710999941, -11.747466600999928 ], [ -76.870533165999973, -11.743897301999937 ], [ -76.875855821999949, -11.743127690999927 ], [ -76.87920371499996, -11.737473008999928 ], [ -76.880814216999966, -11.732166477999954 ], [ -76.886006757999951, -11.735147568999935 ], [ -76.894034231999967, -11.73018123199995 ], [ -76.897887604999937, -11.730385266999974 ], [ -76.90267601499994, -11.728776920999962 ], [ -76.914472677999981, -11.732172609999964 ], [ -76.91516059199995, -11.737326086999929 ], [ -76.914375016999941, -11.740530281999952 ], [ -76.915649602999963, -11.745159416999968 ], [ -76.923585575999937, -11.751687559999937 ], [ -76.928517866999982, -11.752878732999932 ], [ -76.933288259999983, -11.756386662999944 ], [ -76.937984919999963, -11.751712586999929 ], [ -76.942013440999972, -11.750277080999979 ], [ -76.945619692999969, -11.750650465999968 ], [ -76.948008565999942, -11.747986303999937 ], [ -76.950737884999967, -11.747355441999957 ], [ -76.954603050999935, -11.74039559299996 ], [ -76.955075249999936, -11.73687208299998 ], [ -76.958547665999959, -11.735914664999939 ], [ -76.960694065999974, -11.734139811999967 ], [ -76.973606317999952, -11.736090094999952 ], [ -76.974480040999936, -11.741930018999938 ], [ -76.973672557999976, -11.74797539399998 ], [ -76.981688550999934, -11.745881736999934 ], [ -76.984486007999976, -11.746111018999954 ], [ -76.992909604999966, -11.75114132899995 ], [ -76.996782081999982, -11.752357807999942 ], [ -77.004747114999986, -11.750312295999947 ], [ -77.010209233999944, -11.751192180999965 ], [ -77.016701651999938, -11.749577613999975 ], [ -77.020974069999966, -11.747060334999958 ], [ -77.024727952999967, -11.742671824999945 ], [ -77.032453110999938, -11.740792979999981 ], [ -77.03937586099994, -11.752482479999969 ], [ -77.04239748599997, -11.753901729999939 ], [ -77.045029235999948, -11.758373104999976 ], [ -77.049683610999978, -11.761177729999929 ], [ -77.053068360999987, -11.765111354999931 ], [ -77.054740235999986, -11.770251979999955 ], [ -77.054154235999988, -11.779195354999956 ], [ -77.057013610999945, -11.785820354999942 ], [ -77.061052735999965, -11.788083854999968 ], [ -77.072749987999941, -11.791947229999948 ], [ -77.074856612999952, -11.796387104999951 ], [ -77.082250360999979, -11.800873729999978 ], [ -77.092207860999963, -11.80357472999998 ], [ -77.093083735999983, -11.808713478999948 ], [ -77.089783985999986, -11.816475853999975 ], [ -77.090790986999934, -11.823113229999933 ], [ -77.087999985999943, -11.825066354999933 ], [ -77.087595735999969, -11.826679729999967 ], [ -77.089400360999946, -11.830175729999951 ], [ -77.085884735999969, -11.836654354999951 ], [ -77.085303111999963, -11.840895604999957 ], [ -77.083064860999968, -11.840707479999935 ], [ -77.080487485999981, -11.842238728999973 ], [ -77.075453736999975, -11.847178853999935 ], [ -77.062696486999982, -11.851787104999971 ], [ -77.06222198599994, -11.854767479999964 ], [ -77.058839860999967, -11.857646479999971 ], [ -77.059859361999941, -11.859148479999931 ], [ -77.058634735999988, -11.859943354999928 ], [ -77.058224610999957, -11.862898479999956 ], [ -77.059042485999953, -11.869287104999955 ], [ -77.057053611999947, -11.870381603999931 ], [ -77.055246860999944, -11.87511660499996 ], [ -77.055636986999957, -11.885388854999974 ], [ -77.05405998599997, -11.889839979999977 ], [ -77.05327998599995, -11.888359979999962 ], [ -77.050949985999978, -11.887809979999929 ], [ -77.046707110999989, -11.893624229999944 ], [ -77.047889735999945, -11.896584354999959 ], [ -77.045512860999963, -11.897886478999965 ], [ -77.044322436999948, -11.896778981999944 ], [ -77.043462860999966, -11.897205103999966 ], [ -77.042097610999974, -11.894497979999926 ], [ -77.040675735999969, -11.89536322999993 ], [ -77.033056610999949, -11.90790622999998 ], [ -77.031433360999984, -11.907678478999969 ], [ -77.031931985999961, -11.908169604999955 ], [ -77.03075023599996, -11.910148229999947 ], [ -77.025481985999988, -11.909277979999956 ], [ -77.019651985999985, -11.905098604999978 ], [ -77.014256235999937, -11.903229604999979 ], [ -77.005945610999959, -11.90387372999993 ], [ -76.999704860999941, -11.899797729999932 ], [ -76.99609348599995, -11.899512604999927 ], [ -76.992165360999934, -11.900705854999956 ], [ -76.990523485999972, -11.900128854999934 ], [ -76.985891485999957, -11.895396729999959 ], [ -76.974645485999986, -11.88962760499993 ], [ -76.962109735999945, -11.872902479999937 ], [ -76.956438110999954, -11.870066729999962 ], [ -76.952667735999967, -11.865490729999976 ], [ -76.947350485999948, -11.86210710499995 ], [ -76.942275360999986, -11.86086722999994 ], [ -76.941424860999973, -11.857064729999934 ], [ -76.938555110999971, -11.853435229999945 ], [ -76.934208235999961, -11.844657104999953 ], [ -76.934334860999968, -11.836976229999948 ], [ -76.935643110999933, -11.833684479999931 ], [ -76.925978610999948, -11.832924729999945 ], [ -76.922011610999959, -11.831405479999944 ], [ -76.916409985999962, -11.831359979999945 ], [ -76.903822235999939, -11.823724604999938 ], [ -76.903273610999975, -11.82271172999998 ], [ -76.906565485999977, -11.813764729999946 ], [ -76.907536110999956, -11.803340729999945 ], [ -76.90736723599997, -11.797727729999963 ], [ -76.905763610999941, -11.795364229999961 ], [ -76.900614860999951, -11.793380854999953 ], [ -76.896490235999977, -11.793222604999926 ], [ -76.884451235999961, -11.795575354999926 ], [ -76.881876860999967, -11.794478104999939 ], [ -76.877487735999978, -11.794604729999946 ], [ -76.861535110999966, -11.798867229999928 ], [ -76.854191860999947, -11.799246979999964 ], [ -76.851237735999973, -11.798149729999977 ], [ -76.845202735999976, -11.789835854999978 ], [ -76.843303610999953, -11.785699979999947 ], [ -76.834609860999933, -11.778820854999935 ], [ -76.825536235999948, -11.777301729999976 ], [ -76.815644985999938, -11.768203479999954 ], [ -76.81338286099998, -11.76451760499998 ], [ -76.804867610999963, -11.755873854999948 ] ] ] } },
{ "type": "Feature", "properties": { "distrito": "Cieneguilla", "denuncias_total": 65, "denuncias_100m": 0, "tiene_ibc": false, "victimas_estimadas": null, "desconfianza_idx": null, "pct_denuncias": null, "pct_desconfianza": null, "brecha": null, "locales_afectados": null, "alumnos_expuestos": null, "docentes_expuestos": null, "inseguridad_col_educativa_pct": null, "comisaria_mala_pct": null, "pnp_atencion_mala_pct": null, "temor_extorsion_pct": null, "n_modulo_percepcion": 4.0 }, "geometry": { "type": "Polygon", "coordinates": [ [ [ -76.722338735999983, -11.999593979999929 ], [ -76.733805110999981, -11.99997247999994 ], [ -76.737937485999964, -12.002201229999969 ], [ -76.74190336099997, -12.002934479999965 ], [ -76.746850485999971, -12.006463479999979 ], [ -76.750222235999956, -12.013868729999956 ], [ -76.752900610999973, -12.016357979999952 ], [ -76.76581998599994, -12.020013229999961 ], [ -76.78285873599998, -12.023247104999939 ], [ -76.786585485999979, -12.026097104999963 ], [ -76.792394985999977, -12.027960354999948 ], [ -76.80529261099997, -12.038081229999932 ], [ -76.817349985999954, -12.044950229999927 ], [ -76.821040235999988, -12.045352229999935 ], [ -76.824657485999978, -12.047507854999935 ], [ -76.82820161099994, -12.04615597999998 ], [ -76.833572735999951, -12.040967729999977 ], [ -76.851906235999934, -12.037681604999932 ], [ -76.889133235999964, -12.059356354999977 ], [ -76.832283468999947, -12.145908620999933 ], [ -76.810707467999976, -12.14129851499996 ], [ -76.803470555999979, -12.141371301999982 ], [ -76.801091803999952, -12.142321762999927 ], [ -76.800262467999971, -12.143731620999972 ], [ -76.797691467999982, -12.14270062099996 ], [ -76.791862467999977, -12.142530620999935 ], [ -76.784607163999965, -12.138976411999977 ], [ -76.778753688999984, -12.137891377999949 ], [ -76.770844360999945, -12.134864704999927 ], [ -76.765728518999936, -12.136035397999933 ], [ -76.764681555999971, -12.135193069999957 ], [ -76.761302721999982, -12.136325692999947 ], [ -76.753126893999934, -12.136220995999963 ], [ -76.736903727999959, -12.12938242499996 ], [ -76.734595651999939, -12.129292004999968 ], [ -76.731002665999938, -12.124751993999951 ], [ -76.728337669999974, -12.123671717999969 ], [ -76.72750009899994, -12.124504530999957 ], [ -76.726662528999952, -12.123738342999957 ], [ -76.725739297999951, -12.124333207999939 ], [ -76.722731157999988, -12.123320598999953 ], [ -76.72170373199998, -12.122034649999932 ], [ -76.717714565999984, -12.121507598999926 ], [ -76.716976932999955, -12.118262608999942 ], [ -76.708635514999969, -12.114258571999926 ], [ -76.710880721999956, -12.113162745999944 ], [ -76.714366049999967, -12.108014483999966 ], [ -76.71661798599996, -12.099336854999933 ], [ -76.706698485999937, -12.089796479999961 ], [ -76.705191610999975, -12.086256229999947 ], [ -76.700426360999984, -12.086380979999944 ], [ -76.697931485999959, -12.088052604999973 ], [ -76.694862860999933, -12.088526479999928 ], [ -76.68543223599994, -12.086430979999932 ], [ -76.680143235999935, -12.082414229999927 ], [ -76.673506860999964, -12.073507604999975 ], [ -76.674654485999952, -12.068867104999981 ], [ -76.674355110999954, -12.063153854999939 ], [ -76.678079985999943, -12.052979979999975 ], [ -76.680979985999954, -12.049729979999938 ], [ -76.688979985999936, -12.04441997999993 ], [ -76.695099985999946, -12.037059979999981 ], [ -76.699839985999972, -12.034349979999945 ], [ -76.700739985999974, -12.032179979999967 ], [ -76.704059985999947, -12.030629979999958 ], [ -76.706566985999984, -12.032362479999961 ], [ -76.70948823599997, -12.023833979999949 ], [ -76.709279360999972, -12.019035104999944 ], [ -76.713193360999981, -12.010365229999934 ], [ -76.722338735999983, -11.999593979999929 ] ] ] } },
{ "type": "Feature", "properties": { "distrito": "Comas", "denuncias_total": 873, "denuncias_100m": 98, "tiene_ibc": true, "victimas_estimadas": 3230.0, "desconfianza_idx": 66.3, "pct_denuncias": 86.7, "pct_desconfianza": 60.0, "brecha": -26.7, "locales_afectados": 130.0, "alumnos_expuestos": 24928.0, "docentes_expuestos": 1423.0, "inseguridad_col_educativa_pct": 53.0, "comisaria_mala_pct": 66.7, "pnp_atencion_mala_pct": 79.3, "temor_extorsion_pct": 35.0, "n_modulo_percepcion": null }, "geometry": { "type": "Polygon", "coordinates": [ [ [ -77.046707110999989, -11.893624229999944 ], [ -77.050949985999978, -11.887809979999929 ], [ -77.05327998599995, -11.888359979999962 ], [ -77.055305368999939, -11.892077420999954 ], [ -77.064289263999967, -11.901382160999958 ], [ -77.067422300999965, -11.907986576999974 ], [ -77.069249341999978, -11.90877829599998 ], [ -77.070683907999978, -11.910882778999962 ], [ -77.072443280999948, -11.91644510499998 ], [ -77.073654542999975, -11.917710498999952 ], [ -77.069870120999951, -11.953138338999963 ], [ -77.065191821999974, -11.952443240999969 ], [ -77.060171597999954, -11.976769633999936 ], [ -77.059349979999979, -11.977031043999943 ], [ -77.057763983999962, -11.976619559999961 ], [ -77.057365231999938, -11.975099918999945 ], [ -77.053011003999984, -11.972079701999974 ], [ -77.051977206999936, -11.969727692999982 ], [ -77.047388884999975, -11.966397459999939 ], [ -77.040580407999983, -11.965421516999982 ], [ -77.033943067999985, -11.962174537999942 ], [ -77.030372317999934, -11.96209590899997 ], [ -77.028281235999941, -11.960677729999929 ], [ -77.017902011999979, -11.949841569999933 ], [ -77.01700761099994, -11.943850729999951 ], [ -77.015359813999964, -11.941170614999976 ], [ -77.017159964999962, -11.937281739999946 ], [ -77.006688858999951, -11.93119420599993 ], [ -77.005259731999956, -11.928363434999937 ], [ -77.003253456999971, -11.927332815999932 ], [ -77.002978624999969, -11.925670080999964 ], [ -77.000010436999958, -11.924488301999929 ], [ -76.999256460999959, -11.921040655999946 ], [ -76.995674235999957, -11.917322104999926 ], [ -76.988388735999933, -11.916307854999957 ], [ -76.990202485999987, -11.913510479999957 ], [ -76.990601985999945, -11.908469104999938 ], [ -76.987954610999964, -11.897146104999933 ], [ -76.990523485999972, -11.900128854999934 ], [ -76.992165360999934, -11.900705854999956 ], [ -76.99609348599995, -11.899512604999927 ], [ -76.999704860999941, -11.899797729999932 ], [ -77.005945610999959, -11.90387372999993 ], [ -77.014256235999937, -11.903229604999979 ], [ -77.019651985999985, -11.905098604999978 ], [ -77.025481985999988, -11.909277979999956 ], [ -77.03075023599996, -11.910148229999947 ], [ -77.031931985999961, -11.908169604999955 ], [ -77.031433360999984, -11.907678478999969 ], [ -77.033056610999949, -11.90790622999998 ], [ -77.040675735999969, -11.89536322999993 ], [ -77.042097610999974, -11.894497979999926 ], [ -77.043462860999966, -11.897205103999966 ], [ -77.044322436999948, -11.896778981999944 ], [ -77.045512860999963, -11.897886478999965 ], [ -77.047889735999945, -11.896584354999959 ], [ -77.046707110999989, -11.893624229999944 ] ] ] } },
{ "type": "Feature", "properties": { "distrito": "El Agustino", "denuncias_total": 170, "denuncias_100m": 43, "tiene_ibc": false, "victimas_estimadas": null, "desconfianza_idx": null, "pct_denuncias": null, "pct_desconfianza": null, "brecha": null, "locales_afectados": null, "alumnos_expuestos": null, "docentes_expuestos": null, "inseguridad_col_educativa_pct": null, "comisaria_mala_pct": null, "pnp_atencion_mala_pct": null, "temor_extorsion_pct": null, "n_modulo_percepcion": 44.0 }, "geometry": { "type": "Polygon", "coordinates": [ [ [ -76.934948485999939, -12.022351479999941 ], [ -76.952401468999938, -12.021420512999953 ], [ -76.968302893999976, -12.026630993999959 ], [ -76.981174345999989, -12.02547519899997 ], [ -76.995992446999935, -12.026990305999959 ], [ -77.009851684999944, -12.030637700999932 ], [ -77.007993487999954, -12.033467438999935 ], [ -77.008751747999952, -12.034340198999928 ], [ -77.005795890999934, -12.037833801999966 ], [ -77.002956434999987, -12.046839535999936 ], [ -77.006831384999941, -12.049563410999951 ], [ -77.008532886999944, -12.046589569999981 ], [ -77.00694010899997, -12.04280552299997 ], [ -77.010946349999983, -12.043740487999969 ], [ -77.011126393999973, -12.049522438999929 ], [ -77.012320714999987, -12.053644664999979 ], [ -77.006038183999976, -12.060668358999976 ], [ -77.001256239999975, -12.061738280999975 ], [ -77.000005335999958, -12.061481090999962 ], [ -76.999884878999978, -12.060568537999927 ], [ -76.997339200999988, -12.060847018999937 ], [ -76.99405573599995, -12.057024854999952 ], [ -76.992587235999963, -12.056507604999979 ], [ -76.987082860999976, -12.059581229999935 ], [ -76.982401391999986, -12.060140828999977 ], [ -76.982576200999972, -12.062310373999935 ], [ -76.981762151999988, -12.062968112999954 ], [ -76.973334005999959, -12.058438414999955 ], [ -76.975310384999943, -12.053875651999931 ], [ -76.986137757999984, -12.056282840999927 ], [ -76.990741003999972, -12.052199950999977 ], [ -76.988754272999984, -12.048273084999948 ], [ -76.985949753999989, -12.047377088999951 ], [ -76.984606128999985, -12.044266858999947 ], [ -76.988149645999954, -12.039549551999926 ], [ -76.975119929999948, -12.040199203999975 ], [ -76.962044675999948, -12.030849326999942 ], [ -76.955393516999948, -12.029447545999972 ], [ -76.952497679999965, -12.024821825999936 ], [ -76.943359210999972, -12.022850442999982 ], [ -76.934948485999939, -12.022351479999941 ] ] ] } },
{ "type": "Feature", "properties": { "distrito": "Ventanilla", "denuncias_total": 302, "denuncias_100m": 43, "tiene_ibc": true, "victimas_estimadas": 1117.0, "desconfianza_idx": 64.8, "pct_denuncias": 20.0, "pct_desconfianza": 46.7, "brecha": 26.7, "locales_afectados": 50.0, "alumnos_expuestos": 9307.0, "docentes_expuestos": 545.0, "inseguridad_col_educativa_pct": 47.6, "comisaria_mala_pct": 69.8, "pnp_atencion_mala_pct": 77.0, "temor_extorsion_pct": 36.5, "n_modulo_percepcion": null }, "geometry": { "type": "Polygon", "coordinates": [ [ [ -77.133386065999957, -11.818185961999973 ], [ -77.139614526999935, -11.818242692999945 ], [ -77.140231728999936, -11.819801373999951 ], [ -77.143294487999981, -11.821102039999971 ], [ -77.148073288999967, -11.819336580999959 ], [ -77.148749903999942, -11.821435727999926 ], [ -77.152851183999985, -11.821114272999978 ], [ -77.155511030999946, -11.822434371999975 ], [ -77.156950841999958, -11.825806604999968 ], [ -77.162589265999941, -11.824793717999967 ], [ -77.163432005999937, -11.826827428999934 ], [ -77.168288429999961, -11.825669184999981 ], [ -77.170056085999988, -11.826818211999978 ], [ -77.174790333999965, -11.825511113999937 ], [ -77.176906876999965, -11.826375193999979 ], [ -77.176853325999957, -11.82840269999997 ], [ -77.178114263999987, -11.828729693999946 ], [ -77.182718872999942, -11.828147451999939 ], [ -77.184583144999976, -11.825756041999966 ], [ -77.185457425999971, -11.825897467999937 ], [ -77.187963370999967, -11.828558858999941 ], [ -77.187002317999941, -11.828391723999971 ], [ -77.18623476199997, -11.829483869999933 ], [ -77.187277360999985, -11.831068354999957 ], [ -77.186228485999948, -11.831773479999981 ], [ -77.184605485999953, -11.836482479999972 ], [ -77.186894485999971, -11.838882854999952 ], [ -77.186525360999951, -11.840148479999982 ], [ -77.182667985999956, -11.840230479999946 ], [ -77.182212860999982, -11.841865229999939 ], [ -77.184304860999987, -11.843734354999981 ], [ -77.18201561099994, -11.844251979999967 ], [ -77.181265610999958, -11.845386729999973 ], [ -77.176917985999978, -11.844218729999966 ], [ -77.175925735999954, -11.845249979999949 ], [ -77.175124985999958, -11.844388729999935 ], [ -77.173691360999953, -11.844787104999966 ], [ -77.169083985999976, -11.850687479999976 ], [ -77.167394485999978, -11.853419979999956 ], [ -77.16839061099995, -11.85428122999997 ], [ -77.16720298599995, -11.853925729999958 ], [ -77.159710985999936, -11.867333979999955 ], [ -77.155699235999975, -11.877626979999945 ], [ -77.152499985999953, -11.889322229999948 ], [ -77.146435485999973, -11.90183197999994 ], [ -77.146289110999987, -11.904941354999949 ], [ -77.145429735999983, -11.905769479999947 ], [ -77.147214860999952, -11.907402354999931 ], [ -77.146322235999946, -11.908056604999956 ], [ -77.146822235999934, -11.90960935499993 ], [ -77.144935485999952, -11.911222604999978 ], [ -77.142031894999946, -11.921200297999974 ], [ -77.142636739999944, -11.92200798999994 ], [ -77.141773728999965, -11.922207145999948 ], [ -77.139531374999933, -11.931914178999932 ], [ -77.13949080499998, -11.934167596999941 ], [ -77.140508716999989, -11.934385194999948 ], [ -77.138320593999936, -11.93923708899996 ], [ -77.132443384999988, -11.938291785999979 ], [ -77.129827550999948, -11.936841088999927 ], [ -77.124829507999948, -11.939548176999949 ], [ -77.123398124999937, -11.942647448999935 ], [ -77.120616888999962, -11.945086272999959 ], [ -77.11117259599996, -11.946717244999945 ], [ -77.105183298999975, -11.948911266999971 ], [ -77.095244110999943, -11.94965912999993 ], [ -77.096373501999949, -11.948700838999969 ], [ -77.095168157999979, -11.94540866899996 ], [ -77.097673448999956, -11.944043514999976 ], [ -77.098076593999963, -11.941106489999981 ], [ -77.099580784999944, -11.938938127999961 ], [ -77.102270261999934, -11.937907256999949 ], [ -77.104023603999963, -11.935710533999952 ], [ -77.103097844, -11.934698647999937 ], [ -77.102499116999979, -11.927824172999976 ], [ -77.097270140999967, -11.924306137999963 ], [ -77.096705327999985, -11.919413543999951 ], [ -77.097673390999944, -11.916460287999939 ], [ -77.095339253999953, -11.914803770999981 ], [ -77.09471463899996, -11.911881492999953 ], [ -77.093006144999947, -11.909663922999925 ], [ -77.091997079999942, -11.903819514999952 ], [ -77.089273968999976, -11.899177613999939 ], [ -77.091364302999978, -11.896154844999955 ], [ -77.090807981999944, -11.894755174999943 ], [ -77.093238868999947, -11.891339246999962 ], [ -77.092166886999962, -11.887898008999969 ], [ -77.092434126999933, -11.883081971999957 ], [ -77.094154198999945, -11.879080838999926 ], [ -77.094558089999964, -11.874944156999959 ], [ -77.096913989999962, -11.870910422999941 ], [ -77.099592966999978, -11.869581838999977 ], [ -77.103737862999935, -11.869779264999977 ], [ -77.10716909599995, -11.866533276999974 ], [ -77.105441519999943, -11.860789119999936 ], [ -77.10678904699995, -11.858210867999958 ], [ -77.106223991999968, -11.856455100999938 ], [ -77.108984024999984, -11.853698938999969 ], [ -77.110822866999968, -11.853706697999939 ], [ -77.117231155999946, -11.861304063999967 ], [ -77.119928173999938, -11.862859963999938 ], [ -77.121019364999938, -11.86510353999995 ], [ -77.122949929999947, -11.865332729999977 ], [ -77.12377381999994, -11.862948891999963 ], [ -77.123400364999952, -11.859169195999982 ], [ -77.129185677999942, -11.861764363999953 ], [ -77.130154685999969, -11.860494496999934 ], [ -77.129785011999957, -11.853524916999959 ], [ -77.128932815999974, -11.851948328999981 ], [ -77.126551794999955, -11.849818891999973 ], [ -77.120571575999975, -11.848754203999931 ], [ -77.114497659999984, -11.841117518999965 ], [ -77.115920839999944, -11.839046957999926 ], [ -77.114779417999955, -11.834809981999967 ], [ -77.117399302999956, -11.832460266999931 ], [ -77.116411829999947, -11.831223897999962 ], [ -77.125412101999984, -11.821991930999957 ], [ -77.126844319999975, -11.818483510999954 ], [ -77.128376669999966, -11.819325988999935 ], [ -77.131671714999982, -11.817872695999938 ], [ -77.132650472999956, -11.819260072999953 ], [ -77.133386065999957, -11.818185961999973 ] ] ] } },
{ "type": "Feature", "properties": { "distrito": "La Molina", "denuncias_total": 198, "denuncias_100m": 19, "tiene_ibc": false, "victimas_estimadas": null, "desconfianza_idx": null, "pct_denuncias": null, "pct_desconfianza": null, "brecha": null, "locales_afectados": null, "alumnos_expuestos": null, "docentes_expuestos": null, "inseguridad_col_educativa_pct": null, "comisaria_mala_pct": null, "pnp_atencion_mala_pct": null, "temor_extorsion_pct": null, "n_modulo_percepcion": 20.0 }, "geometry": { "type": "Polygon", "coordinates": [ [ [ -76.944488571999955, -12.056842385999971 ], [ -76.953902360999962, -12.06137885499993 ], [ -76.958593985999983, -12.061876979999965 ], [ -76.970324880999954, -12.06713025099998 ], [ -76.971529110999938, -12.066869229999952 ], [ -76.976092938999955, -12.078288418999932 ], [ -76.974824665999961, -12.07879098199993 ], [ -76.974382692999939, -12.077367741999979 ], [ -76.972947339999962, -12.083820575999937 ], [ -76.969979098999943, -12.08371769699994 ], [ -76.96288659399994, -12.076487727999961 ], [ -76.960062975999961, -12.075737336999964 ], [ -76.957708470999989, -12.076291899999944 ], [ -76.959384556999964, -12.078343459999928 ], [ -76.957557116999965, -12.080139703999976 ], [ -76.960352237999984, -12.083795516999942 ], [ -76.961212468999975, -12.090840620999927 ], [ -76.957752907999975, -12.097493121999946 ], [ -76.950994671999979, -12.104426727999964 ], [ -76.950487292999981, -12.107778756999949 ], [ -76.94857422299998, -12.110016217999942 ], [ -76.947599610999987, -12.117974229999959 ], [ -76.941574468999988, -12.120867620999945 ], [ -76.940791110999953, -12.122160854999947 ], [ -76.934704317999945, -12.123505979999948 ], [ -76.929768464999938, -12.122925623999947 ], [ -76.921826464999981, -12.12027862399998 ], [ -76.920605464999937, -12.118967623999936 ], [ -76.917424464999954, -12.11902562399996 ], [ -76.914822464999986, -12.121049623999966 ], [ -76.910781985999961, -12.122333479999952 ], [ -76.910158739999986, -12.120483243999956 ], [ -76.907412784999963, -12.119047381999962 ], [ -76.90616646899997, -12.115600620999942 ], [ -76.903136637999978, -12.113314411999966 ], [ -76.897878600999945, -12.114019909999968 ], [ -76.896258938999949, -12.112325260999967 ], [ -76.89449680599995, -12.105816618999938 ], [ -76.890387661999966, -12.100507725999933 ], [ -76.892104803999985, -12.093526680999958 ], [ -76.885693639999943, -12.092116973999964 ], [ -76.88368405999995, -12.08955250899993 ], [ -76.886580286999958, -12.08532889199995 ], [ -76.885404235999943, -12.083509729999946 ], [ -76.885598235999964, -12.076364979999937 ], [ -76.889261772999987, -12.076755006999974 ], [ -76.889889985999957, -12.07444997999994 ], [ -76.89111948599998, -12.067207979999978 ], [ -76.889133235999964, -12.059356354999977 ], [ -76.896369110999956, -12.05890235499993 ], [ -76.901772526999935, -12.060561942999982 ], [ -76.904289690999974, -12.059378022999965 ], [ -76.914142870999967, -12.059691366999971 ], [ -76.918336751999959, -12.062001846999976 ], [ -76.921259221999946, -12.066161567999927 ], [ -76.92747348599994, -12.065282854999964 ], [ -76.930867235999983, -12.063281229999973 ], [ -76.939423860999966, -12.064933604999965 ], [ -76.944488571999955, -12.056842385999971 ] ] ] } },
{ "type": "Feature", "properties": { "distrito": "Puente Piedra", "denuncias_total": 776, "denuncias_100m": 67, "tiene_ibc": true, "victimas_estimadas": 2871.0, "desconfianza_idx": 58.3, "pct_denuncias": 80.0, "pct_desconfianza": 6.7, "brecha": -73.3, "locales_afectados": 195.0, "alumnos_expuestos": 18722.0, "docentes_expuestos": 998.0, "inseguridad_col_educativa_pct": 49.5, "comisaria_mala_pct": 54.6, "pnp_atencion_mala_pct": 70.8, "temor_extorsion_pct": 47.6, "n_modulo_percepcion": null }, "geometry": { "type": "Polygon", "coordinates": [ [ [ -77.090790986999934, -11.823113229999933 ], [ -77.089909736999971, -11.815470103999928 ], [ -77.093083735999983, -11.808713478999948 ], [ -77.092207860999963, -11.80357472999998 ], [ -77.096977110999944, -11.80516410499996 ], [ -77.103309860999957, -11.811632354999972 ], [ -77.107315860999961, -11.812639604999958 ], [ -77.111467735999952, -11.819492604999937 ], [ -77.115867485999956, -11.820623979999937 ], [ -77.12377242599996, -11.819905766999966 ], [ -77.124637657999983, -11.819040533999953 ], [ -77.126347747999944, -11.819727893999982 ], [ -77.121837437999943, -11.82612833099995 ], [ -77.116411829999947, -11.831223897999962 ], [ -77.117399302999956, -11.832460266999931 ], [ -77.114779417999955, -11.834809981999967 ], [ -77.115899466999963, -11.839420994999955 ], [ -77.114497659999984, -11.841117518999965 ], [ -77.115086237999947, -11.841718254999932 ], [ -77.113343687999986, -11.842970449999939 ], [ -77.112970819999987, -11.847567633999972 ], [ -77.114096265999933, -11.848197510999967 ], [ -77.115327983999975, -11.847197172999927 ], [ -77.116215315999966, -11.848608672999944 ], [ -77.113944866999987, -11.851250375999939 ], [ -77.112617923999949, -11.850305803999959 ], [ -77.111354634999941, -11.850819783999953 ], [ -77.110890849999976, -11.853650289999962 ], [ -77.108984024999984, -11.853698938999969 ], [ -77.106223991999968, -11.856455100999938 ], [ -77.10678904699995, -11.858210867999958 ], [ -77.105441519999943, -11.860789119999936 ], [ -77.105519026999957, -11.863029295999979 ], [ -77.10716909599995, -11.866533276999974 ], [ -77.103737862999935, -11.869779264999977 ], [ -77.099592966999978, -11.869581838999977 ], [ -77.096913989999962, -11.870910422999941 ], [ -77.094558089999964, -11.874944156999959 ], [ -77.094154198999945, -11.879080838999926 ], [ -77.092434126999933, -11.883081971999957 ], [ -77.092166886999962, -11.887898008999969 ], [ -77.093238868999947, -11.891339246999962 ], [ -77.090807981999944, -11.894755174999943 ], [ -77.091364302999978, -11.896154844999955 ], [ -77.089374118999956, -11.898543488999962 ], [ -77.089467452999941, -11.900094434999971 ], [ -77.091997079999942, -11.903819514999952 ], [ -77.093006144999947, -11.909663922999925 ], [ -77.09471463899996, -11.911881492999953 ], [ -77.095339253999953, -11.914803770999981 ], [ -77.097673390999944, -11.916460287999939 ], [ -77.096705327999985, -11.919413543999951 ], [ -77.097270140999967, -11.924306137999963 ], [ -77.102499116999979, -11.927824172999976 ], [ -77.103097844, -11.934698647999937 ], [ -77.104023603999963, -11.935710533999952 ], [ -77.102270261999934, -11.937907256999949 ], [ -77.099580784999944, -11.938938127999961 ], [ -77.098076593999963, -11.941106489999981 ], [ -77.097673448999956, -11.944043514999976 ], [ -77.095168157999979, -11.94540866899996 ], [ -77.096373501999949, -11.948700838999969 ], [ -77.095244110999943, -11.94965912999993 ], [ -77.093768978999947, -11.945877520999943 ], [ -77.087104188999945, -11.940846897999961 ], [ -77.082983075999948, -11.935941231999948 ], [ -77.081144735999942, -11.931693479999979 ], [ -77.077886558999978, -11.929188434999958 ], [ -77.077010688999962, -11.923765772999957 ], [ -77.072598919999962, -11.916796979999958 ], [ -77.070683907999978, -11.910882778999962 ], [ -77.069249341999978, -11.90877829599998 ], [ -77.067422300999965, -11.907986576999974 ], [ -77.063937388999989, -11.900901715999964 ], [ -77.05405998599997, -11.889839979999977 ], [ -77.055636986999957, -11.885388854999974 ], [ -77.055246860999944, -11.87511660499996 ], [ -77.057053611999947, -11.870381603999931 ], [ -77.059042485999953, -11.869287104999955 ], [ -77.058224610999957, -11.862898479999956 ], [ -77.058634735999988, -11.859943354999928 ], [ -77.059859361999941, -11.859148479999931 ], [ -77.058839860999967, -11.857646479999971 ], [ -77.06222198599994, -11.854767479999964 ], [ -77.062696486999982, -11.851787104999971 ], [ -77.075453736999975, -11.847178853999935 ], [ -77.080487485999981, -11.842238728999973 ], [ -77.083064860999968, -11.840707479999935 ], [ -77.085303111999963, -11.840895604999957 ], [ -77.085884735999969, -11.836654354999951 ], [ -77.089400360999946, -11.830175729999951 ], [ -77.087595735999969, -11.826679729999967 ], [ -77.087999985999943, -11.825066354999933 ], [ -77.090790986999934, -11.823113229999933 ] ] ] } },
{ "type": "Feature", "properties": { "distrito": "Punta Hermosa", "denuncias_total": 16, "denuncias_100m": 1, "tiene_ibc": false, "victimas_estimadas": null, "desconfianza_idx": null, "pct_denuncias": null, "pct_desconfianza": null, "brecha": null, "locales_afectados": null, "alumnos_expuestos": null, "docentes_expuestos": null, "inseguridad_col_educativa_pct": null, "comisaria_mala_pct": null, "pnp_atencion_mala_pct": null, "temor_extorsion_pct": null, "n_modulo_percepcion": 6.0 }, "geometry": { "type": "Polygon", "coordinates": [ [ [ -76.655587360999959, -12.18956460499993 ], [ -76.662031235999962, -12.177962854999976 ], [ -76.665099985999973, -12.185259979999955 ], [ -76.672929985999986, -12.188789979999967 ], [ -76.679599985999971, -12.193939979999982 ], [ -76.682439985999963, -12.194009979999976 ], [ -76.683819985999946, -12.198099979999938 ], [ -76.690119985999956, -12.202349979999951 ], [ -76.694969986, -12.207999979999954 ], [ -76.695239985999933, -12.209029979999968 ], [ -76.694089985999938, -12.210439979999933 ], [ -76.697879985999975, -12.217329979999931 ], [ -76.705319985999949, -12.220469979999962 ], [ -76.707709985999941, -12.222959979999928 ], [ -76.712899985999968, -12.223669979999954 ], [ -76.714519985999971, -12.224789979999969 ], [ -76.718269985999939, -12.229039979999982 ], [ -76.721229985999969, -12.234979979999935 ], [ -76.721089985999981, -12.241669979999926 ], [ -76.72316011099997, -12.243929604999948 ], [ -76.730879985999934, -12.246149979999927 ], [ -76.73498998599996, -12.251769979999949 ], [ -76.740739985999937, -12.253699979999965 ], [ -76.748129985999981, -12.253339979999964 ], [ -76.752089985999987, -12.251789979999955 ], [ -76.75686998599997, -12.252969979999932 ], [ -76.759339985999986, -12.250159979999978 ], [ -76.763719985999955, -12.252449979999938 ], [ -76.768059985999969, -12.260649979999926 ], [ -76.771079985999961, -12.260919979999926 ], [ -76.773759985999959, -12.262419979999947 ], [ -76.77727998599994, -12.262429979999979 ], [ -76.780339985999944, -12.264089979999937 ], [ -76.787369985999987, -12.263289979999968 ], [ -76.790669985999955, -12.264529979999963 ], [ -76.795639985999969, -12.268029979999937 ], [ -76.800804735999975, -12.274308604999931 ], [ -76.805221985999935, -12.277414729999975 ], [ -76.819241735999981, -12.282846354999947 ], [ -76.820320235999986, -12.284944354999936 ], [ -76.827943360999939, -12.291978479999955 ], [ -76.843570911999961, -12.313108018999969 ], [ -76.839908235999985, -12.312855479999939 ], [ -76.836611360999939, -12.316169979999927 ], [ -76.835697235999987, -12.320150354999953 ], [ -76.837622985999985, -12.322378979999939 ], [ -76.837748110999939, -12.324275354999941 ], [ -76.834851048999951, -12.325533938999968 ], [ -76.834820719999982, -12.329416383999956 ], [ -76.832223007999971, -12.329799178999963 ], [ -76.830664153999976, -12.331275708999954 ], [ -76.830928698999969, -12.334318114999974 ], [ -76.828267610999944, -12.336306604999947 ], [ -76.828273485999944, -12.338460979999979 ], [ -76.825002813999959, -12.340040452999972 ], [ -76.826849682999978, -12.342785557999946 ], [ -76.825330225999949, -12.341881782999963 ], [ -76.823388384999987, -12.338453797999932 ], [ -76.822084948999986, -12.338381354999967 ], [ -76.817529235999984, -12.341103479999958 ], [ -76.816103276999968, -12.34354409499997 ], [ -76.816199235999989, -12.345376979999969 ], [ -76.807206485999984, -12.340108229999942 ], [ -76.791989235999949, -12.326630104999936 ], [ -76.774501360999977, -12.321316104999937 ], [ -76.77049173599994, -12.315277479999963 ], [ -76.767405610999958, -12.312651104999929 ], [ -76.764002235999953, -12.311364979999951 ], [ -76.762518110999963, -12.306576354999947 ], [ -76.757412985999963, -12.309069604999934 ], [ -76.75460323599998, -12.30942572999993 ], [ -76.750191360999963, -12.305677729999957 ], [ -76.748666985999989, -12.30158997999996 ], [ -76.743166110999937, -12.296089104999965 ], [ -76.732849985999962, -12.296299979999958 ], [ -76.726579985999933, -12.294999979999943 ], [ -76.717649985999969, -12.284649979999926 ], [ -76.700979985999936, -12.271759979999956 ], [ -76.693539985999962, -12.269839979999972 ], [ -76.684589985999935, -12.261109979999958 ], [ -76.682149985999956, -12.260239979999938 ], [ -76.675169985999958, -12.254539979999947 ], [ -76.665619985999967, -12.243769979999968 ], [ -76.661439985999948, -12.235039979999954 ], [ -76.661709985999948, -12.23051997999994 ], [ -76.656349985999952, -12.224979979999944 ], [ -76.654169985999943, -12.221249979999982 ], [ -76.653679985999986, -12.215899979999961 ], [ -76.65114998599995, -12.213769979999938 ], [ -76.647239985999988, -12.213839979999932 ], [ -76.645639985999935, -12.211819979999973 ], [ -76.648627985999951, -12.208160229999976 ], [ -76.650835485999949, -12.200938979999933 ], [ -76.650685860999943, -12.197683729999937 ], [ -76.652668860999938, -12.192557854999961 ], [ -76.655587360999959, -12.18956460499993 ] ] ] } },
{ "type": "Feature", "properties": { "distrito": "Punta Negra", "denuncias_total": 13, "denuncias_100m": 0, "tiene_ibc": false, "victimas_estimadas": null, "desconfianza_idx": null, "pct_denuncias": null, "pct_desconfianza": null, "brecha": null, "locales_afectados": null, "alumnos_expuestos": null, "docentes_expuestos": null, "inseguridad_col_educativa_pct": null, "comisaria_mala_pct": null, "pnp_atencion_mala_pct": null, "temor_extorsion_pct": null, "n_modulo_percepcion": 0.0 }, "geometry": { "type": "Polygon", "coordinates": [ [ [ -76.643050735999964, -12.212148479999939 ], [ -76.645639985999935, -12.211819979999973 ], [ -76.647239985999988, -12.213839979999932 ], [ -76.65114998599995, -12.213769979999938 ], [ -76.653679985999986, -12.215899979999961 ], [ -76.654169985999943, -12.221249979999982 ], [ -76.656349985999952, -12.224979979999944 ], [ -76.661709985999948, -12.23051997999994 ], [ -76.661439985999948, -12.235039979999954 ], [ -76.665619985999967, -12.243769979999968 ], [ -76.675169985999958, -12.254539979999947 ], [ -76.682149985999956, -12.260239979999938 ], [ -76.684589985999935, -12.261109979999958 ], [ -76.693539985999962, -12.269839979999972 ], [ -76.701889985999969, -12.272419979999938 ], [ -76.718439985999964, -12.285329979999972 ], [ -76.726579985999933, -12.294999979999943 ], [ -76.732849985999962, -12.296299979999958 ], [ -76.743166110999937, -12.296089104999965 ], [ -76.748666985999989, -12.30158997999996 ], [ -76.750191360999963, -12.305677729999957 ], [ -76.75460323599998, -12.30942572999993 ], [ -76.757412985999963, -12.309069604999934 ], [ -76.762518110999963, -12.306576354999947 ], [ -76.764002235999953, -12.311364979999951 ], [ -76.767405610999958, -12.312651104999929 ], [ -76.77049173599994, -12.315277479999963 ], [ -76.774501360999977, -12.321316104999937 ], [ -76.791989235999949, -12.326630104999936 ], [ -76.807206485999984, -12.340108229999942 ], [ -76.817120809999949, -12.345971581999947 ], [ -76.817927057999952, -12.348171965999938 ], [ -76.817344059999982, -12.348907149999945 ], [ -76.818383645999972, -12.349802102999945 ], [ -76.817434378999963, -12.349640376999957 ], [ -76.817118130999972, -12.352357747999974 ], [ -76.805831985999987, -12.357331979999969 ], [ -76.799415985999985, -12.362283229999946 ], [ -76.798884901999941, -12.363658331999943 ], [ -76.800091364999957, -12.364539635999961 ], [ -76.799047479999956, -12.364321381999957 ], [ -76.798125758999959, -12.36556871099998 ], [ -76.799489995999977, -12.368472831999952 ], [ -76.795238276999953, -12.371900387999972 ], [ -76.789630866999971, -12.379240239999945 ], [ -76.788611333999938, -12.38158593299994 ], [ -76.789203110999949, -12.383925604999945 ], [ -76.785396610999953, -12.38235485499996 ], [ -76.779184370999985, -12.376707499999952 ], [ -76.766199985999947, -12.36802997999996 ], [ -76.76352998599998, -12.36450997999998 ], [ -76.755189985999948, -12.357029979999936 ], [ -76.744609985999944, -12.35253997999996 ], [ -76.739739985999961, -12.347269979999965 ], [ -76.736379985999974, -12.346279979999963 ], [ -76.732139985999936, -12.343509979999965 ], [ -76.725389985999982, -12.34131997999998 ], [ -76.71967998599996, -12.342509979999932 ], [ -76.71239998599998, -12.34026997999996 ], [ -76.705149985999981, -12.340099979999934 ], [ -76.702439985999945, -12.33886997999997 ], [ -76.698829985999964, -12.340699979999954 ], [ -76.696459985999979, -12.340659979999941 ], [ -76.678419985999938, -12.333489979999968 ], [ -76.673989985999981, -12.319519979999939 ], [ -76.669859985999949, -12.319669979999958 ], [ -76.66723998599997, -12.316939979999972 ], [ -76.662999985999988, -12.308739979999928 ], [ -76.659729985999945, -12.308889979999947 ], [ -76.654169985999943, -12.305059979999953 ], [ -76.651376985999946, -12.286245104999978 ], [ -76.650413610999976, -12.284777104999932 ], [ -76.645505110999977, -12.284180729999946 ], [ -76.636788860999957, -12.279363979999971 ], [ -76.632109610999976, -12.269592604999957 ], [ -76.631237985999974, -12.263904104999938 ], [ -76.625090861, -12.251747229999978 ], [ -76.625365985999963, -12.245278854999981 ], [ -76.620961985999941, -12.238168229999928 ], [ -76.621099610999977, -12.226883104999956 ], [ -76.622108860999958, -12.225323354999944 ], [ -76.632063735999964, -12.220322979999935 ], [ -76.637496110999962, -12.21922260499997 ], [ -76.639999985999964, -12.214634479999972 ], [ -76.643050735999964, -12.212148479999939 ] ] ] } },
{ "type": "Feature", "properties": { "distrito": "Rimac", "denuncias_total": 271, "denuncias_100m": 45, "tiene_ibc": false, "victimas_estimadas": null, "desconfianza_idx": null, "pct_denuncias": null, "pct_desconfianza": null, "brecha": null, "locales_afectados": null, "alumnos_expuestos": null, "docentes_expuestos": null, "inseguridad_col_educativa_pct": null, "comisaria_mala_pct": null, "pnp_atencion_mala_pct": null, "temor_extorsion_pct": null, "n_modulo_percepcion": 43.0 }, "geometry": { "type": "Polygon", "coordinates": [ [ [ -77.030774977999954, -11.997077436999973 ], [ -77.033688860999973, -12.001223354999979 ], [ -77.038734302999956, -12.004722069999957 ], [ -77.04411642599996, -12.010521276999953 ], [ -77.045870470999944, -12.014572151999971 ], [ -77.045799048999982, -12.017591979999963 ], [ -77.047728897999946, -12.017683080999973 ], [ -77.049733622999952, -12.010827239999969 ], [ -77.053008686999988, -12.010995358999935 ], [ -77.050597444999937, -12.022461979999946 ], [ -77.044300774999954, -12.02846483899998 ], [ -77.043471610999973, -12.038849856999946 ], [ -77.039878765999958, -12.038919596999961 ], [ -77.029458683999962, -12.043348991999949 ], [ -77.020159735999982, -12.04414522999997 ], [ -77.016201001999946, -12.043423608999944 ], [ -77.013186626999982, -12.039462569999955 ], [ -77.012855735999949, -12.037282479999931 ], [ -77.017561876999935, -12.035770598999932 ], [ -77.019556382999951, -12.031208500999981 ], [ -77.022328725999955, -12.028084000999968 ], [ -77.022051698999974, -12.025138746999971 ], [ -77.02010878699997, -12.023521205999941 ], [ -77.019468911999979, -12.021198961999971 ], [ -77.020578142999966, -12.01884414999995 ], [ -77.020174306999934, -12.015613469999948 ], [ -77.02232186699996, -12.013031291999937 ], [ -77.022592030999988, -12.009709524999948 ], [ -77.025338897999973, -12.009012350999967 ], [ -77.02558569699994, -12.005759891999958 ], [ -77.028351968999971, -12.002468635999946 ], [ -77.028311583999937, -11.999399489999973 ], [ -77.030774977999954, -11.997077436999973 ] ] ] } },
{ "type": "Feature", "properties": { "distrito": "San Bartolo", "denuncias_total": 15, "denuncias_100m": 1, "tiene_ibc": false, "victimas_estimadas": null, "desconfianza_idx": null, "pct_denuncias": null, "pct_desconfianza": null, "brecha": null, "locales_afectados": null, "alumnos_expuestos": null, "docentes_expuestos": null, "inseguridad_col_educativa_pct": null, "comisaria_mala_pct": null, "pnp_atencion_mala_pct": null, "temor_extorsion_pct": null, "n_modulo_percepcion": 6.0 }, "geometry": { "type": "Polygon", "coordinates": [ [ [ -76.677860485999986, -12.33520585499997 ], [ -76.678779985999938, -12.333589979999942 ], [ -76.693409985999949, -12.339889979999953 ], [ -76.697759985999937, -12.340869979999979 ], [ -76.702439985999945, -12.33886997999997 ], [ -76.705149985999981, -12.340099979999934 ], [ -76.71239998599998, -12.34026997999996 ], [ -76.71967998599996, -12.342509979999932 ], [ -76.725389985999982, -12.34131997999998 ], [ -76.739739985999961, -12.347269979999965 ], [ -76.744139985999936, -12.352229979999947 ], [ -76.755189985999948, -12.357029979999936 ], [ -76.76352998599998, -12.36450997999998 ], [ -76.766199985999947, -12.36802997999996 ], [ -76.779184370999985, -12.376707499999952 ], [ -76.785396610999953, -12.38235485499996 ], [ -76.789345735999973, -12.383992229999933 ], [ -76.789181610999947, -12.385951227999954 ], [ -76.785587268999961, -12.384843098999966 ], [ -76.783889622999936, -12.385539313999971 ], [ -76.783482126999957, -12.387203833999934 ], [ -76.782421858999953, -12.38694722799994 ], [ -76.781990233999977, -12.389265602999956 ], [ -76.784282997999981, -12.390657507999947 ], [ -76.783017632999986, -12.391252749999978 ], [ -76.783318163999979, -12.391989991999935 ], [ -76.781811708999953, -12.391063225999972 ], [ -76.780314813999951, -12.392144985999948 ], [ -76.778811469999937, -12.391507598999965 ], [ -76.778140008999969, -12.393557317999978 ], [ -76.777388559999963, -12.393524633999959 ], [ -76.778152235999983, -12.39512697999993 ], [ -76.780433434999964, -12.394284858999981 ], [ -76.780083985999966, -12.39729097999998 ], [ -76.781809145999944, -12.397879204999981 ], [ -76.782231499999966, -12.396701370999949 ], [ -76.783373641999958, -12.398084430999972 ], [ -76.78143419099996, -12.397965087999978 ], [ -76.779545632999941, -12.400801137999963 ], [ -76.778706260999968, -12.398527688999934 ], [ -76.776096198999937, -12.398071874999971 ], [ -76.774805452999942, -12.394923882999933 ], [ -76.775165024999978, -12.393175241999927 ], [ -76.770654012999955, -12.387124577999941 ], [ -76.756906360999949, -12.401468729999976 ], [ -76.755483610999988, -12.398213354999939 ], [ -76.753622985999982, -12.397230479999962 ], [ -76.748072110999942, -12.396637479999981 ], [ -76.741103735999957, -12.398361104999935 ], [ -76.737139360999947, -12.397991729999944 ], [ -76.732805735999989, -12.39597260499994 ], [ -76.729678485999955, -12.396563604999926 ], [ -76.725295610999979, -12.395283229999961 ], [ -76.721851985999933, -12.396236979999969 ], [ -76.719373860999951, -12.39312297999993 ], [ -76.71661073599995, -12.392662479999956 ], [ -76.715185235999968, -12.391171229999941 ], [ -76.703145735999954, -12.385600979999936 ], [ -76.699785860999953, -12.382971604999966 ], [ -76.690626110999972, -12.383734854999943 ], [ -76.683411485999954, -12.382109729999968 ], [ -76.67966873599994, -12.38011535499993 ], [ -76.675338485999987, -12.376214979999929 ], [ -76.67336473599994, -12.36976747999995 ], [ -76.669000860999972, -12.364175354999929 ], [ -76.667992235999975, -12.360230479999927 ], [ -76.673540235999951, -12.359899104999954 ], [ -76.676237610999976, -12.358320104999962 ], [ -76.678277110999943, -12.35478935499998 ], [ -76.681698235999988, -12.354306854999948 ], [ -76.681328110999971, -12.345214854999938 ], [ -76.678101610999988, -12.339547979999963 ], [ -76.677860485999986, -12.33520585499997 ] ] ] } },
{ "type": "Feature", "properties": { "distrito": "Lima", "denuncias_total": 1601, "denuncias_100m": 75, "tiene_ibc": false, "victimas_estimadas": null, "desconfianza_idx": null, "pct_denuncias": null, "pct_desconfianza": null, "brecha": null, "locales_afectados": null, "alumnos_expuestos": null, "docentes_expuestos": null, "inseguridad_col_educativa_pct": null, "comisaria_mala_pct": null, "pnp_atencion_mala_pct": null, "temor_extorsion_pct": null, "n_modulo_percepcion": 68.0 }, "geometry": { "type": "Polygon", "coordinates": [ [ [ -77.009722987999965, -12.030833635999954 ], [ -77.011965284999974, -12.033388969999976 ], [ -77.013186626999982, -12.039462569999955 ], [ -77.014625735999971, -12.042091354999968 ], [ -77.016201001999946, -12.043423608999944 ], [ -77.020159735999982, -12.04414522999997 ], [ -77.029458683999962, -12.043348991999949 ], [ -77.039878765999958, -12.038919596999961 ], [ -77.045421489999967, -12.038814651999928 ], [ -77.048492364999959, -12.035671713999932 ], [ -77.053170087999945, -12.036921287999974 ], [ -77.070072851999953, -12.03427974899995 ], [ -77.083029347999968, -12.036319686999946 ], [ -77.082719556999962, -12.045010936999972 ], [ -77.081775280999977, -12.04493849499994 ], [ -77.081611079999959, -12.046947053999929 ], [ -77.077946774999987, -12.04662123199995 ], [ -77.077730831999986, -12.048886202999938 ], [ -77.078118362999987, -12.050038373999939 ], [ -77.087656306999975, -12.051730315999976 ], [ -77.088181198999962, -12.060799940999971 ], [ -77.087108888999978, -12.061518569999976 ], [ -77.079127552999978, -12.06020794899996 ], [ -77.077796169999942, -12.068473584999936 ], [ -77.061222589999943, -12.067527264999967 ], [ -77.057636798999965, -12.05572828499993 ], [ -77.053758007999988, -12.049100446999944 ], [ -77.042367751999961, -12.050870910999947 ], [ -77.041623245999972, -12.059742668999945 ], [ -77.045669860999965, -12.065251979999971 ], [ -77.037572860999944, -12.064214565999976 ], [ -77.03816964799995, -12.067680750999955 ], [ -77.036316759999977, -12.079853387999947 ], [ -77.028068362999988, -12.078710942999976 ], [ -77.035382634999962, -12.05980243099998 ], [ -77.017451665999943, -12.05748312999998 ], [ -77.015599270999985, -12.061376305999943 ], [ -77.007251231999987, -12.060285741999962 ], [ -77.003197393999983, -12.062580805999971 ], [ -77.002890407999985, -12.061570496999934 ], [ -77.001818360999948, -12.061849604999964 ], [ -77.006510268999989, -12.060320004999937 ], [ -77.012320714999987, -12.053644664999979 ], [ -77.011126393999973, -12.049522438999929 ], [ -77.010946349999983, -12.043740487999969 ], [ -77.00694010899997, -12.04280552299997 ], [ -77.008532886999944, -12.046589569999981 ], [ -77.006831384999941, -12.049563410999951 ], [ -77.002956434999987, -12.046839535999936 ], [ -77.005795890999934, -12.037833801999966 ], [ -77.008751747999952, -12.034340198999928 ], [ -77.007993487999954, -12.033467438999935 ], [ -77.009722987999965, -12.030833635999954 ] ] ] } },
{ "type": "Feature", "properties": { "distrito": "San Juan De Lurigancho", "denuncias_total": 1810, "denuncias_100m": 214, "tiene_ibc": true, "victimas_estimadas": 6697.0, "desconfianza_idx": 68.1, "pct_denuncias": 100.0, "pct_desconfianza": 66.7, "brecha": -33.3, "locales_afectados": 541.0, "alumnos_expuestos": 84020.0, "docentes_expuestos": 3943.0, "inseguridad_col_educativa_pct": 51.6, "comisaria_mala_pct": 71.4, "pnp_atencion_mala_pct": 81.2, "temor_extorsion_pct": 35.7, "n_modulo_percepcion": null }, "geometry": { "type": "Polygon", "coordinates": [ [ [ -76.936767360999966, -11.869179479999957 ], [ -76.942275360999986, -11.86086722999994 ], [ -76.947350485999948, -11.86210710499995 ], [ -76.952667735999967, -11.865490729999976 ], [ -76.956438110999954, -11.870066729999962 ], [ -76.960627360999979, -11.871806979999974 ], [ -76.963173235999989, -11.873998354999969 ], [ -76.974645485999986, -11.88962760499993 ], [ -76.987954610999964, -11.897146104999933 ], [ -76.990601985999945, -11.908469104999938 ], [ -76.990202485999987, -11.913510479999957 ], [ -76.988388735999933, -11.916307854999957 ], [ -76.995674235999957, -11.917322104999926 ], [ -76.999256460999959, -11.921040655999946 ], [ -77.000010436999958, -11.924488301999929 ], [ -77.002978624999969, -11.925670080999964 ], [ -77.003253456999971, -11.927332815999932 ], [ -77.005259731999956, -11.928363434999937 ], [ -77.006688858999951, -11.93119420599993 ], [ -77.017159964999962, -11.937281739999946 ], [ -77.015359813999964, -11.941170614999976 ], [ -77.01700761099994, -11.943850729999951 ], [ -77.017902011999979, -11.949841569999933 ], [ -77.028281235999941, -11.960677729999929 ], [ -77.028548741999941, -11.964009139999973 ], [ -77.027444233999972, -11.966065807999939 ], [ -77.029367599999944, -11.969684016999963 ], [ -77.028824866999969, -11.972045373999947 ], [ -77.029796071999954, -11.97407347799998 ], [ -77.028587468999945, -11.982424619999961 ], [ -77.03052546899994, -11.985709619999966 ], [ -77.030050847999973, -11.987772701999972 ], [ -77.030853735999983, -11.989809530999935 ], [ -77.030018767999934, -11.992389371999934 ], [ -77.030927042999963, -11.996801018999975 ], [ -77.028311583999937, -11.999399489999973 ], [ -77.028351968999971, -12.002468635999946 ], [ -77.02558569699994, -12.005759891999958 ], [ -77.025338897999973, -12.009012350999967 ], [ -77.022592030999988, -12.009709524999948 ], [ -77.02232186699996, -12.013031291999937 ], [ -77.020174306999934, -12.015613469999948 ], [ -77.020578142999966, -12.01884414999995 ], [ -77.019468911999979, -12.021198961999971 ], [ -77.02010878699997, -12.023521205999941 ], [ -77.022051698999974, -12.025138746999971 ], [ -77.022463337999966, -12.027594041999976 ], [ -77.016877393999948, -12.036129830999926 ], [ -77.012855735999949, -12.037282479999931 ], [ -77.010798386999966, -12.031219537999959 ], [ -76.999844165999946, -12.027780725999946 ], [ -76.981174345999989, -12.02547519899997 ], [ -76.968302893999976, -12.026630993999959 ], [ -76.952401468999938, -12.021420512999953 ], [ -76.95219734899996, -12.017228272999944 ], [ -76.954352216999951, -12.015301393999948 ], [ -76.954019964999986, -12.012794584999938 ], [ -76.95588909199995, -12.010200364999946 ], [ -76.958496173999947, -12.008992532999969 ], [ -76.96008270699997, -12.006604981999942 ], [ -76.967408235999983, -12.004279354999937 ], [ -76.969645177999951, -11.999174985999957 ], [ -76.969397985999933, -11.994926979999946 ], [ -76.96381900199998, -11.987794373999975 ], [ -76.962384610999948, -11.983798729999933 ], [ -76.953498110999988, -11.969435604999944 ], [ -76.950835985999959, -11.962556604999975 ], [ -76.950169360999951, -11.953752354999949 ], [ -76.94812486099994, -11.952121854999973 ], [ -76.944631110999978, -11.953105354999934 ], [ -76.94090436099998, -11.952251229999945 ], [ -76.938057610999977, -11.948317604999943 ], [ -76.932389985999976, -11.944694354999967 ], [ -76.929744860999961, -11.940674229999956 ], [ -76.929231610999977, -11.936649729999942 ], [ -76.927530110999953, -11.934110729999929 ], [ -76.918670860999953, -11.93016735499998 ], [ -76.915024485999936, -11.927115354999955 ], [ -76.915051485999982, -11.923603979999939 ], [ -76.918265610999981, -11.919660604999933 ], [ -76.918319735999944, -11.917283729999951 ], [ -76.916564110999957, -11.912854104999951 ], [ -76.917995610999981, -11.906452854999941 ], [ -76.914754485999936, -11.899943479999934 ], [ -76.912107485999968, -11.889274729999954 ], [ -76.903059235999933, -11.885223229999951 ], [ -76.897414235999975, -11.880658604999951 ], [ -76.897495235999941, -11.870394854999972 ], [ -76.894929235999939, -11.865749229999949 ], [ -76.896090735999962, -11.864128604999962 ], [ -76.911837360999982, -11.864938854999934 ], [ -76.920318485999985, -11.866586479999967 ], [ -76.925720360999946, -11.869827604999955 ], [ -76.930663110999944, -11.870610979999981 ], [ -76.936767360999966, -11.869179479999957 ] ] ] } },
{ "type": "Feature", "properties": { "distrito": "San Martin De Porres", "denuncias_total": 629, "denuncias_100m": 101, "tiene_ibc": true, "victimas_estimadas": 2327.0, "desconfianza_idx": 68.9, "pct_denuncias": 60.0, "pct_desconfianza": 73.3, "brecha": 13.3, "locales_afectados": 0.0, "alumnos_expuestos": 0.0, "docentes_expuestos": 0.0, "inseguridad_col_educativa_pct": 53.3, "comisaria_mala_pct": 74.0, "pnp_atencion_mala_pct": 79.5, "temor_extorsion_pct": 27.3, "n_modulo_percepcion": null }, "geometry": { "type": "Polygon", "coordinates": [ [ [ -77.08402801799997, -11.936892365999938 ], [ -77.088043386999971, -11.941715131999956 ], [ -77.093768978999947, -11.945877520999943 ], [ -77.095005858999968, -11.949522262999949 ], [ -77.096695456999953, -11.949970237999935 ], [ -77.105183298999975, -11.948911266999971 ], [ -77.11117259599996, -11.946717244999945 ], [ -77.120616888999962, -11.945086272999959 ], [ -77.123398124999937, -11.942647448999935 ], [ -77.124829507999948, -11.939548176999949 ], [ -77.128501954999933, -11.937591793999957 ], [ -77.126226562999989, -11.945244143999957 ], [ -77.120818356999962, -11.94991796599993 ], [ -77.120363278999946, -11.95436719099996 ], [ -77.118078127, -11.956736328999966 ], [ -77.118703120999953, -11.960050785999954 ], [ -77.11739453499996, -11.96230468899995 ], [ -77.118238282999982, -11.963791018999927 ], [ -77.11697070699995, -11.966761715999951 ], [ -77.117765261999978, -11.970743563999974 ], [ -77.115930995999975, -11.970678377999945 ], [ -77.109709761999966, -11.976155881999944 ], [ -77.112538538999956, -11.979375278999953 ], [ -77.112701294999965, -11.981981842999971 ], [ -77.118482769999957, -11.99168483099993 ], [ -77.11804651999995, -11.994862422999972 ], [ -77.112954769999988, -11.997015010999974 ], [ -77.110259556999949, -11.99419391899994 ], [ -77.107134753999958, -11.999306188999981 ], [ -77.10468689299995, -12.000251998999943 ], [ -77.103343651999978, -11.99758593699994 ], [ -77.100053827999943, -12.004416860999982 ], [ -77.098149321999983, -12.004515731999959 ], [ -77.097643468999934, -12.005846715999951 ], [ -77.095723919999955, -12.004804121999939 ], [ -77.094877485999973, -12.006102828999929 ], [ -77.094168431999947, -12.005803164999975 ], [ -77.09357648799994, -12.009944725999958 ], [ -77.091733419999969, -12.009481754999968 ], [ -77.09083714999997, -12.011791018999929 ], [ -77.089306542999964, -12.011723149999966 ], [ -77.087639157999945, -12.01455290399997 ], [ -77.087387366999963, -12.015920071999972 ], [ -77.090164358999971, -12.019829938999976 ], [ -77.091447655999957, -12.022628916999963 ], [ -77.090831546999937, -12.023134575999961 ], [ -77.096295317999989, -12.033643508999944 ], [ -77.09505853099995, -12.034178391999944 ], [ -77.095171552999943, -12.036558606999961 ], [ -77.093513401999985, -12.036233496999955 ], [ -77.093480731999989, -12.038430840999979 ], [ -77.070072851999953, -12.03427974899995 ], [ -77.053170087999945, -12.036921287999974 ], [ -77.048492364999959, -12.035671713999932 ], [ -77.045896737999954, -12.038598026999978 ], [ -77.043471610999973, -12.038849856999946 ], [ -77.044300774999954, -12.02846483899998 ], [ -77.050502267999946, -12.022695166999938 ], [ -77.053798847999985, -12.007410008999955 ], [ -77.079827257999966, -12.012675879999961 ], [ -77.08189843699995, -12.008410149999975 ], [ -77.084689448999939, -11.996390629999951 ], [ -77.078433552999968, -11.98322234699998 ], [ -77.085913114999983, -11.982496721999951 ], [ -77.083277001999988, -11.976617289999979 ], [ -77.087951448999945, -11.973687586999972 ], [ -77.084762362999982, -11.970165676999954 ], [ -77.083496224999976, -11.965947295999968 ], [ -77.086091237999938, -11.947414340999956 ], [ -77.083828167999968, -11.940663709999967 ], [ -77.08402801799997, -11.936892365999938 ] ] ] } },
{ "type": "Feature", "properties": { "distrito": "San Miguel", "denuncias_total": 114, "denuncias_100m": 26, "tiene_ibc": false, "victimas_estimadas": null, "desconfianza_idx": null, "pct_denuncias": null, "pct_desconfianza": null, "brecha": null, "locales_afectados": null, "alumnos_expuestos": null, "docentes_expuestos": null, "inseguridad_col_educativa_pct": null, "comisaria_mala_pct": null, "pnp_atencion_mala_pct": null, "temor_extorsion_pct": null, "n_modulo_percepcion": 36.0 }, "geometry": { "type": "Polygon", "coordinates": [ [ [ -77.079101829999956, -12.060322475999953 ], [ -77.104656403999968, -12.063261909999937 ], [ -77.104020808999962, -12.067166825999948 ], [ -77.104809058999933, -12.071349330999965 ], [ -77.106063911999968, -12.074221498999975 ], [ -77.107614251999962, -12.073558731999981 ], [ -77.111491847999957, -12.079513758999951 ], [ -77.103212890999941, -12.083589840999934 ], [ -77.097050657999944, -12.085446112999932 ], [ -77.094541206999963, -12.087620452999943 ], [ -77.081799108999974, -12.093746010999951 ], [ -77.078253142999984, -12.096715270999937 ], [ -77.075152098, -12.088598643999944 ], [ -77.074138708999953, -12.088926129999948 ], [ -77.073795347999976, -12.087943092999978 ], [ -77.074914060999959, -12.087501948999943 ], [ -77.071445272999938, -12.081550580999931 ], [ -77.081398712999942, -12.078248836999933 ], [ -77.078609876999963, -12.073432010999966 ], [ -77.077954644999977, -12.070238137999979 ], [ -77.079101829999956, -12.060322475999953 ] ] ] } },
{ "type": "Feature", "properties": { "distrito": "Villa El Salvador", "denuncias_total": 757, "denuncias_100m": 98, "tiene_ibc": true, "victimas_estimadas": 2801.0, "desconfianza_idx": 78.5, "pct_denuncias": 73.3, "pct_desconfianza": 100.0, "brecha": 26.7, "locales_afectados": 285.0, "alumnos_expuestos": 22229.0, "docentes_expuestos": 1289.0, "inseguridad_col_educativa_pct": 70.9, "comisaria_mala_pct": 79.3, "pnp_atencion_mala_pct": 85.4, "temor_extorsion_pct": 20.2, "n_modulo_percepcion": null }, "geometry": { "type": "Polygon", "coordinates": [ [ [ -76.927678714999956, -12.206990081999948 ], [ -76.942187503999946, -12.18258203299996 ], [ -76.948600044999978, -12.186472762999927 ], [ -76.952315118999934, -12.185402407999959 ], [ -76.954283136999948, -12.186182852999934 ], [ -76.954205852999962, -12.189850874999934 ], [ -76.958521655999959, -12.192451625999979 ], [ -76.959653167999988, -12.191679124999951 ], [ -76.961013733999948, -12.192649299999971 ], [ -76.96711725199998, -12.193258713999967 ], [ -76.972633339999959, -12.19207208399996 ], [ -76.977024665999977, -12.218177459999936 ], [ -76.976208946999975, -12.220781020999937 ], [ -76.972382118999974, -12.224767053999926 ], [ -76.975904235999963, -12.230748104999975 ], [ -76.953033323999989, -12.241241981999963 ], [ -76.940241077999985, -12.248278436999954 ], [ -76.938214479999942, -12.245378377999941 ], [ -76.927524013999971, -12.25269076099994 ], [ -76.926671533, -12.251362827999969 ], [ -76.927485307999973, -12.250333473999945 ], [ -76.927220245999933, -12.247177958999941 ], [ -76.918215024999938, -12.248137557999939 ], [ -76.918344610999952, -12.249614932999975 ], [ -76.917140610999979, -12.250134729999957 ], [ -76.914884985999947, -12.248951729999931 ], [ -76.914952611, -12.245370979999961 ], [ -76.911187649999988, -12.241472985999962 ], [ -76.91256898599994, -12.237650739999935 ], [ -76.909727409999959, -12.229689586999939 ], [ -76.919099030999973, -12.225184217999981 ], [ -76.922810229999982, -12.213585174999935 ], [ -76.927678714999956, -12.206990081999948 ] ] ] } },
{ "type": "Feature", "properties": { "distrito": "Villa Maria Del Triunfo", "denuncias_total": 452, "denuncias_100m": 47, "tiene_ibc": true, "victimas_estimadas": 1672.0, "desconfianza_idx": 77.9, "pct_denuncias": 33.3, "pct_desconfianza": 93.3, "brecha": 60.0, "locales_afectados": 0.0, "alumnos_expuestos": 0.0, "docentes_expuestos": 0.0, "inseguridad_col_educativa_pct": 72.0, "comisaria_mala_pct": 81.2, "pnp_atencion_mala_pct": 80.6, "temor_extorsion_pct": 25.5, "n_modulo_percepcion": null }, "geometry": { "type": "Polygon", "coordinates": [ [ [ -76.917424464999954, -12.11902562399996 ], [ -76.920605464999937, -12.118967623999936 ], [ -76.921826464999981, -12.12027862399998 ], [ -76.930722464999974, -12.123217623999949 ], [ -76.934704317999945, -12.123505979999948 ], [ -76.940791110999953, -12.122160854999947 ], [ -76.945384052999941, -12.128037881999944 ], [ -76.945211235999977, -12.130522854999981 ], [ -76.946454997999979, -12.132540524999968 ], [ -76.949954298999955, -12.133689649999951 ], [ -76.953491210999971, -12.136258125999973 ], [ -76.955367581999951, -12.140539243999967 ], [ -76.957336514999952, -12.142069829999969 ], [ -76.959232979999967, -12.149208891999933 ], [ -76.958588591999955, -12.152207532999967 ], [ -76.961879690999979, -12.154834670999946 ], [ -76.956122128999937, -12.159586155999932 ], [ -76.958546487999968, -12.163813836999964 ], [ -76.957197200999985, -12.164888262999966 ], [ -76.955118442999947, -12.170558077999942 ], [ -76.95485748599998, -12.175711854999975 ], [ -76.953654366999956, -12.178417129999957 ], [ -76.954233360999979, -12.178998354999976 ], [ -76.952898655999945, -12.181753791999938 ], [ -76.95311178299994, -12.184818682999946 ], [ -76.94910742199994, -12.186577624999927 ], [ -76.942187503999946, -12.18258203299996 ], [ -76.927678714999956, -12.206990081999948 ], [ -76.922810229999982, -12.213585174999935 ], [ -76.919099030999973, -12.225184217999981 ], [ -76.909727409999959, -12.229689586999939 ], [ -76.91100189399998, -12.233444534999933 ], [ -76.908013735999987, -12.234482354999955 ], [ -76.896604110999988, -12.21881760499997 ], [ -76.889357110999981, -12.21450260499995 ], [ -76.89113473599997, -12.207296979999967 ], [ -76.890556610999965, -12.202027354999927 ], [ -76.892031485999951, -12.199329104999947 ], [ -76.889059110999938, -12.194629354999961 ], [ -76.887290985999982, -12.188429729999939 ], [ -76.885510860999943, -12.187283979999961 ], [ -76.883095735999973, -12.179499979999946 ], [ -76.884748360999936, -12.173884854999926 ], [ -76.88124023599994, -12.167859479999947 ], [ -76.881075610999972, -12.16583922999996 ], [ -76.883752360999949, -12.154540979999979 ], [ -76.889837235999948, -12.152611229999934 ], [ -76.893525485999987, -12.150261354999941 ], [ -76.895532985999978, -12.147335729999952 ], [ -76.896459985999968, -12.141609979999942 ], [ -76.898779985999965, -12.139369979999969 ], [ -76.900849985999969, -12.134719979999943 ], [ -76.903912214999934, -12.131697643999928 ], [ -76.908576145999973, -12.130806780999933 ], [ -76.911426124999934, -12.128709498999967 ], [ -76.912584610999943, -12.12672235499997 ], [ -76.910781985999961, -12.122333479999952 ], [ -76.914822464999986, -12.121049623999966 ], [ -76.917424464999954, -12.11902562399996 ] ] ] } },
{ "type": "Feature", "properties": { "distrito": "Ancon", "denuncias_total": 128, "denuncias_100m": 11, "tiene_ibc": false, "victimas_estimadas": null, "desconfianza_idx": null, "pct_denuncias": null, "pct_desconfianza": null, "brecha": null, "locales_afectados": null, "alumnos_expuestos": null, "docentes_expuestos": null, "inseguridad_col_educativa_pct": null, "comisaria_mala_pct": null, "pnp_atencion_mala_pct": null, "temor_extorsion_pct": null, "n_modulo_percepcion": 25.0 }, "geometry": { "type": "Polygon", "coordinates": [ [ [ -77.066524724999965, -11.572510617999967 ], [ -77.068764560999966, -11.572968910999975 ], [ -77.070333028999983, -11.575181662999967 ], [ -77.074166586, -11.57539335599995 ], [ -77.077695282999969, -11.57701807899997 ], [ -77.078469097999971, -11.58550467699996 ], [ -77.081076063999944, -11.591684291999968 ], [ -77.084315796999988, -11.59525752199994 ], [ -77.085769335999942, -11.601554418999967 ], [ -77.085265343999936, -11.60423635199993 ], [ -77.08781974599998, -11.607211842999959 ], [ -77.089810741999941, -11.607484396999951 ], [ -77.09446563299997, -11.610439816999929 ], [ -77.095893301, -11.61322729799997 ], [ -77.098855243999935, -11.613588379999953 ], [ -77.103454884999962, -11.619242371999974 ], [ -77.106174876999944, -11.619676869999978 ], [ -77.105702349999945, -11.624582492999934 ], [ -77.107393071999979, -11.626841873999979 ], [ -77.116346272999976, -11.630363209999928 ], [ -77.119837677999953, -11.630146244999935 ], [ -77.127713644999972, -11.625951301999976 ], [ -77.132197062999978, -11.62541601099997 ], [ -77.134704825999961, -11.626640906999967 ], [ -77.13737157199995, -11.63553503199995 ], [ -77.136959855999976, -11.637527611999928 ], [ -77.131186784999954, -11.63988956299994 ], [ -77.130891413999962, -11.64336900099994 ], [ -77.131722042999968, -11.645409771999937 ], [ -77.130964185999972, -11.647825777999969 ], [ -77.129687129, -11.649445223999976 ], [ -77.126340417999984, -11.650342311999964 ], [ -77.122645489999968, -11.654455807999966 ], [ -77.122068546999969, -11.657363853999982 ], [ -77.12634303699997, -11.660377969999956 ], [ -77.129428712999982, -11.657810822999977 ], [ -77.133134618999975, -11.657687703999954 ], [ -77.140662544999941, -11.663986736999959 ], [ -77.152164413999969, -11.67063453399993 ], [ -77.153307222999956, -11.674321213999974 ], [ -77.158281456999987, -11.68174003799993 ], [ -77.15800640599997, -11.682774766999955 ], [ -77.155299101999958, -11.684062461999929 ], [ -77.15451183, -11.685790057999952 ], [ -77.155521989999954, -11.69405609699993 ], [ -77.156879214999947, -11.696498322999958 ], [ -77.15482349399997, -11.699230211999975 ], [ -77.154532051, -11.701700145999951 ], [ -77.160835470999984, -11.701564676999965 ], [ -77.164399380999953, -11.698094436999952 ], [ -77.166457548999972, -11.694444254999951 ], [ -77.182112470999982, -11.685908555999958 ], [ -77.184496294999974, -11.686703412999975 ], [ -77.191204087999949, -11.69658134499997 ], [ -77.195911618999958, -11.69793918299996 ], [ -77.195286437999982, -11.699947838999947 ], [ -77.189853276999941, -11.704755854999974 ], [ -77.184626868999942, -11.711694730999966 ], [ -77.183062007999979, -11.715626949999944 ], [ -77.180815024999958, -11.717552934999958 ], [ -77.180566251999949, -11.719422744999974 ], [ -77.178399519999971, -11.722095047999971 ], [ -77.178945216999978, -11.723114215999942 ], [ -77.172832233999941, -11.730219443999943 ], [ -77.170305245999941, -11.736001533999968 ], [ -77.169214819999979, -11.746074309999926 ], [ -77.169661560999941, -11.747489781999946 ], [ -77.170776470999954, -11.747478686999955 ], [ -77.169611808999946, -11.747828482999978 ], [ -77.169556159999956, -11.748933520999969 ], [ -77.171813933999942, -11.753977732999942 ], [ -77.171384526999987, -11.764538979999941 ], [ -77.172704901999964, -11.767443354999955 ], [ -77.173481698999979, -11.767239512999936 ], [ -77.172841651999988, -11.767523479999966 ], [ -77.174095837999971, -11.770596578999971 ], [ -77.175026216999981, -11.771746775999929 ], [ -77.175411366999981, -11.77134590299994 ], [ -77.175686476999942, -11.771324941999978 ], [ -77.174955472999955, -11.771919699999955 ], [ -77.175765077999984, -11.772868168999935 ], [ -77.177217755999948, -11.772702957999968 ], [ -77.176493458999971, -11.773638475999974 ], [ -77.178298696999946, -11.775255066999932 ], [ -77.17868126999997, -11.774518945999944 ], [ -77.178958958999942, -11.775629736999974 ], [ -77.179852405999952, -11.775839344999952 ], [ -77.180048663999969, -11.774927348999938 ], [ -77.181020841999953, -11.775781654999946 ], [ -77.181890802999987, -11.77326082299993 ], [ -77.183536862999972, -11.774267268999949 ], [ -77.184378651999964, -11.774267604999977 ], [ -77.183898319999969, -11.773423147999949 ], [ -77.184472401999983, -11.774257854999973 ], [ -77.186951173999944, -11.773902348999968 ], [ -77.188697026999989, -11.770574229999966 ], [ -77.190867026999967, -11.770134729999938 ], [ -77.191251776999934, -11.767953104999947 ], [ -77.193949026999974, -11.766945354999962 ], [ -77.195411901999989, -11.768335979999961 ], [ -77.198212651999938, -11.76809572999997 ], [ -77.198372776999975, -11.769589979999978 ], [ -77.196868901999949, -11.771271479999939 ], [ -77.198796651999942, -11.772665979999942 ], [ -77.195927526999981, -11.775779354999941 ], [ -77.195343737999963, -11.780160106999972 ], [ -77.198253651999948, -11.783238229999938 ], [ -77.197091526999941, -11.784300729999927 ], [ -77.195581776999973, -11.783624979999956 ], [ -77.194138401999965, -11.784486354999956 ], [ -77.192062394999937, -11.784208914999965 ], [ -77.186402482999938, -11.789188277999926 ], [ -77.158265622999977, -11.781101563999925 ], [ -77.139148435999971, -11.800107416999936 ], [ -77.147105360999944, -11.81927735499994 ], [ -77.144040730999961, -11.820955094999931 ], [ -77.140445374999956, -11.819963371999961 ], [ -77.139614526999935, -11.818242692999945 ], [ -77.135270519999949, -11.817827053999963 ], [ -77.132650472999956, -11.819260072999953 ], [ -77.131671714999982, -11.817872695999938 ], [ -77.128376669999966, -11.819325988999935 ], [ -77.126844319999975, -11.818483510999954 ], [ -77.126347747999944, -11.819727893999982 ], [ -77.124637657999983, -11.819040533999953 ], [ -77.12377242599996, -11.819905766999966 ], [ -77.113478985999961, -11.820341104999954 ], [ -77.110053735999941, -11.81820410499995 ], [ -77.107315860999961, -11.812639604999958 ], [ -77.103309860999957, -11.811632354999972 ], [ -77.096977110999944, -11.80516410499996 ], [ -77.093924610999977, -11.803597729999979 ], [ -77.082250360999979, -11.800873729999978 ], [ -77.074856612999952, -11.796387104999951 ], [ -77.072749987999941, -11.791947229999948 ], [ -77.061052735999965, -11.788083854999968 ], [ -77.057013610999945, -11.785820354999942 ], [ -77.054154235999988, -11.779195354999956 ], [ -77.054740235999986, -11.770251979999955 ], [ -77.053068360999987, -11.765111354999931 ], [ -77.049683610999978, -11.761177729999929 ], [ -77.045029235999948, -11.758373104999976 ], [ -77.04239748599997, -11.753901729999939 ], [ -77.03937586099994, -11.752482479999969 ], [ -77.032453110999938, -11.740792979999981 ], [ -77.032441722999977, -11.73688726499995 ], [ -77.036099298999943, -11.731322777999935 ], [ -77.037055241999951, -11.726667117999966 ], [ -77.044334616999947, -11.714706121999939 ], [ -77.043473763999941, -11.712473939999938 ], [ -77.037212099999977, -11.71125591699996 ], [ -77.032499384999937, -11.708683750999967 ], [ -77.02632289099995, -11.700221785999929 ], [ -77.024409349999985, -11.691741037999975 ], [ -77.025622099999964, -11.687140975999966 ], [ -77.024893548999955, -11.681441180999968 ], [ -77.025443089999953, -11.678533178999942 ], [ -77.024626671999954, -11.676604766999958 ], [ -77.027648979999981, -11.671819760999938 ], [ -77.030679640999949, -11.664193691999969 ], [ -77.030526054999939, -11.659086742999932 ], [ -77.034942520999948, -11.653890100999945 ], [ -77.03518947699996, -11.651822186999937 ], [ -77.030060270999968, -11.647066051999957 ], [ -77.029252009999936, -11.644001186999958 ], [ -77.022870710999939, -11.639167613999973 ], [ -77.020253220999962, -11.635484068999972 ], [ -77.016190263999988, -11.633188068999971 ], [ -77.014378681999972, -11.628207437999947 ], [ -77.014514751999968, -11.622840119999978 ], [ -77.010397608999938, -11.617014619999964 ], [ -77.005735032999951, -11.616300943999931 ], [ -77.004760118999968, -11.614269539999952 ], [ -77.00763806599997, -11.608200715999942 ], [ -77.017840065999962, -11.603418476999934 ], [ -77.021695741999963, -11.599900035999951 ], [ -77.022130757999946, -11.596309857999927 ], [ -77.028165700999978, -11.592297814999938 ], [ -77.031380011999943, -11.591695328999947 ], [ -77.036768868999957, -11.588931211999977 ], [ -77.042741876999969, -11.583125810999945 ], [ -77.04581442999995, -11.578727848999961 ], [ -77.049331395999957, -11.578750791999937 ], [ -77.05185924999995, -11.576174098999957 ], [ -77.054959520999944, -11.575602086999936 ], [ -77.060866444999988, -11.577425363999964 ], [ -77.064139265999984, -11.577234644999976 ], [ -77.065166663999946, -11.575122912999973 ], [ -77.064837528999988, -11.573236080999948 ], [ -77.066524724999965, -11.572510617999967 ] ] ] } },
{ "type": "Feature", "properties": { "distrito": "Ate", "denuncias_total": 1010, "denuncias_100m": 116, "tiene_ibc": true, "victimas_estimadas": 3737.0, "desconfianza_idx": 63.4, "pct_denuncias": 93.3, "pct_desconfianza": 33.3, "brecha": -60.0, "locales_afectados": 257.0, "alumnos_expuestos": 25642.0, "docentes_expuestos": 1508.0, "inseguridad_col_educativa_pct": 42.8, "comisaria_mala_pct": 71.7, "pnp_atencion_mala_pct": 75.7, "temor_extorsion_pct": 36.8, "n_modulo_percepcion": null }, "geometry": { "type": "Polygon", "coordinates": [ [ [ -76.83517001499996, -11.996345989999952 ], [ -76.83734586099996, -11.992296354999951 ], [ -76.839215360999958, -11.994191229999956 ], [ -76.840593360999947, -11.99870610499994 ], [ -76.842569235999974, -12.001565729999982 ], [ -76.849584860999983, -12.005111104999969 ], [ -76.866980696999974, -12.007159934999947 ], [ -76.891361829999937, -12.012898241999949 ], [ -76.897358985999972, -12.013132729999938 ], [ -76.91194898599997, -12.020172729999956 ], [ -76.921148985999935, -12.022542729999941 ], [ -76.942045266999969, -12.022678510999981 ], [ -76.95242331999998, -12.024789110999961 ], [ -76.955338518999952, -12.029355651999936 ], [ -76.94401367599994, -12.027589350999961 ], [ -76.94283659599995, -12.028238942999963 ], [ -76.942871714999967, -12.032128535999959 ], [ -76.937834825999971, -12.043758727999943 ], [ -76.973334005999959, -12.058438414999955 ], [ -76.981831036999949, -12.062998805999939 ], [ -76.982401391999986, -12.060140828999977 ], [ -76.987082860999976, -12.059581229999935 ], [ -76.99139523599996, -12.056694604999961 ], [ -76.993498735999935, -12.056636229999981 ], [ -76.99779855099996, -12.060831213999961 ], [ -76.99809569699994, -12.063665998999966 ], [ -76.98722040399997, -12.064066328999957 ], [ -76.988903702999949, -12.071047961999966 ], [ -76.987694833999967, -12.073591918999966 ], [ -76.990604612999959, -12.073757172999933 ], [ -76.991001985999958, -12.075040979999926 ], [ -76.983997276999958, -12.085033446999944 ], [ -76.982120532999943, -12.08499969899998 ], [ -76.976208102999976, -12.078497483999968 ], [ -76.971529110999938, -12.066869229999952 ], [ -76.970324880999954, -12.06713025099998 ], [ -76.958593985999983, -12.061876979999965 ], [ -76.953902360999962, -12.06137885499993 ], [ -76.944513044999951, -12.056797141999937 ], [ -76.939423860999966, -12.064933604999965 ], [ -76.930867235999983, -12.063281229999973 ], [ -76.92747348599994, -12.065282854999964 ], [ -76.921259221999946, -12.066161567999927 ], [ -76.918336751999959, -12.062001846999976 ], [ -76.914142870999967, -12.059691366999971 ], [ -76.904289690999974, -12.059378022999965 ], [ -76.901772526999935, -12.060561942999982 ], [ -76.896369110999956, -12.05890235499993 ], [ -76.889133235999964, -12.059356354999977 ], [ -76.851906235999934, -12.037681604999932 ], [ -76.833572735999951, -12.040967729999977 ], [ -76.82820161099994, -12.04615597999998 ], [ -76.824657485999978, -12.047507854999935 ], [ -76.821040235999988, -12.045352229999935 ], [ -76.817349985999954, -12.044950229999927 ], [ -76.80529261099997, -12.038081229999932 ], [ -76.792394985999977, -12.027960354999948 ], [ -76.786585485999979, -12.026097104999963 ], [ -76.78285873599998, -12.023247104999939 ], [ -76.784557985999982, -12.009253229999956 ], [ -76.785361860999956, -12.007207229999949 ], [ -76.789271235999934, -12.00395535499996 ], [ -76.798734485999944, -12.003041979999978 ], [ -76.80333811099996, -11.998767104999956 ], [ -76.805164985999966, -11.998474729999941 ], [ -76.811814860999959, -12.002164979999975 ], [ -76.819767985999988, -12.001127604999965 ], [ -76.823579860999985, -11.998767104999956 ], [ -76.831711309999946, -11.996170844999938 ], [ -76.832177401999957, -11.99507072199998 ], [ -76.83517001499996, -11.996345989999952 ] ] ] } },
{ "type": "Feature", "properties": { "distrito": "Los Olivos", "denuncias_total": 558, "denuncias_100m": 63, "tiene_ibc": true, "victimas_estimadas": 2065.0, "desconfianza_idx": 66.1, "pct_denuncias": 46.7, "pct_desconfianza": 53.3, "brecha": 6.7, "locales_afectados": 372.0, "alumnos_expuestos": 15424.0, "docentes_expuestos": 932.0, "inseguridad_col_educativa_pct": 52.0, "comisaria_mala_pct": 70.5, "pnp_atencion_mala_pct": 75.7, "temor_extorsion_pct": 43.2, "n_modulo_percepcion": null }, "geometry": { "type": "Polygon", "coordinates": [ [ [ -77.073638056999982, -11.917775887999937 ], [ -77.077010688999962, -11.923765772999957 ], [ -77.077577427999984, -11.928647455999965 ], [ -77.081144735999942, -11.931693479999979 ], [ -77.084034679999945, -11.936773164999977 ], [ -77.083828167999968, -11.940663709999967 ], [ -77.086091237999938, -11.947414340999956 ], [ -77.083496224999976, -11.965947295999968 ], [ -77.084762362999982, -11.970165676999954 ], [ -77.087951448999945, -11.973687586999972 ], [ -77.083277001999988, -11.976617289999979 ], [ -77.085913114999983, -11.982496721999951 ], [ -77.078433552999968, -11.98322234699998 ], [ -77.084689448999939, -11.996390629999951 ], [ -77.08189843699995, -12.008410149999975 ], [ -77.079827257999966, -12.012675879999961 ], [ -77.061313688999974, -12.008484811999949 ], [ -77.066026411999985, -11.977484225999945 ], [ -77.060201690999975, -11.976622276999933 ], [ -77.065191821999974, -11.952443240999969 ], [ -77.069870120999951, -11.953138338999963 ], [ -77.073638056999982, -11.917775887999937 ] ] ] } },
{ "type": "Feature", "properties": { "distrito": "San Juan De Miraflores", "denuncias_total": 462, "denuncias_100m": 109, "tiene_ibc": false, "victimas_estimadas": null, "desconfianza_idx": null, "pct_denuncias": null, "pct_desconfianza": null, "brecha": null, "locales_afectados": null, "alumnos_expuestos": null, "docentes_expuestos": null, "inseguridad_col_educativa_pct": null, "comisaria_mala_pct": null, "pnp_atencion_mala_pct": null, "temor_extorsion_pct": null, "n_modulo_percepcion": 68.0 }, "geometry": { "type": "Polygon", "coordinates": [ [ [ -76.954641634999973, -12.115618641999959 ], [ -76.957465722999984, -12.116988327999934 ], [ -76.962495086, -12.124656008999978 ], [ -76.966201966999961, -12.129171104999955 ], [ -76.970795915999986, -12.132247438999968 ], [ -76.972156735999988, -12.135028207999937 ], [ -76.974565706999954, -12.134888518999958 ], [ -76.974430241999983, -12.136769817999948 ], [ -76.975551888999973, -12.137145026999974 ], [ -76.974461598999937, -12.142134813999974 ], [ -76.976226464999968, -12.143528090999951 ], [ -76.978014378999944, -12.14133273799996 ], [ -76.976959458999943, -12.141057678999971 ], [ -76.977214431999982, -12.139737520999972 ], [ -76.980757776999951, -12.138735198999939 ], [ -76.983766149999951, -12.152147346999982 ], [ -76.983123766999938, -12.15753856799995 ], [ -76.984862009999972, -12.157710125999927 ], [ -76.983795833999977, -12.164234004999969 ], [ -76.984410202999982, -12.166479239999944 ], [ -76.986237360999951, -12.167665854999939 ], [ -76.983255985999961, -12.171022854999933 ], [ -76.981051200999957, -12.171822266999982 ], [ -76.983280097999966, -12.17909513799998 ], [ -76.982070161999957, -12.18503640199998 ], [ -76.983981528999948, -12.185515223999971 ], [ -76.983566626999959, -12.188321249999944 ], [ -76.979826671999945, -12.187858567999967 ], [ -76.979198407999945, -12.191077875999952 ], [ -76.977045841999939, -12.194522208999956 ], [ -76.972879309999939, -12.195272864999936 ], [ -76.972633339999959, -12.19207208399996 ], [ -76.96711725199998, -12.193258713999967 ], [ -76.961013733999948, -12.192649299999971 ], [ -76.959653167999988, -12.191679124999951 ], [ -76.958521655999959, -12.192451625999979 ], [ -76.954205852999962, -12.189850874999934 ], [ -76.954571546999944, -12.186450217999948 ], [ -76.952315118999934, -12.185402407999959 ], [ -76.953540380999982, -12.183481582999946 ], [ -76.952898655999945, -12.181753791999938 ], [ -76.954233360999979, -12.178998354999976 ], [ -76.953654366999956, -12.178417129999957 ], [ -76.95485748599998, -12.175711854999975 ], [ -76.955118442999947, -12.170558077999942 ], [ -76.957197200999985, -12.164888262999966 ], [ -76.958546487999968, -12.163813836999964 ], [ -76.956122128999937, -12.159586155999932 ], [ -76.961879690999979, -12.154834670999946 ], [ -76.958588591999955, -12.152207532999967 ], [ -76.959232979999967, -12.149208891999933 ], [ -76.957336514999952, -12.142069829999969 ], [ -76.955367581999951, -12.140539243999967 ], [ -76.953491210999971, -12.136258125999973 ], [ -76.949954298999955, -12.133689649999951 ], [ -76.946454997999979, -12.132540524999968 ], [ -76.945211235999977, -12.130522854999981 ], [ -76.945384052999941, -12.128037881999944 ], [ -76.940791110999953, -12.122160854999947 ], [ -76.941574468999988, -12.120867620999945 ], [ -76.946540743999947, -12.118690784999956 ], [ -76.949730382999974, -12.116063182999937 ], [ -76.954641634999973, -12.115618641999959 ] ] ] } },
{ "type": "Feature", "properties": { "distrito": "Miraflores", "denuncias_total": 102, "denuncias_100m": 16, "tiene_ibc": false, "victimas_estimadas": null, "desconfianza_idx": null, "pct_denuncias": null, "pct_desconfianza": null, "brecha": null, "locales_afectados": null, "alumnos_expuestos": null, "docentes_expuestos": null, "inseguridad_col_educativa_pct": null, "comisaria_mala_pct": null, "pnp_atencion_mala_pct": null, "temor_extorsion_pct": null, "n_modulo_percepcion": 28.0 }, "geometry": { "type": "Polygon", "coordinates": [ [ [ -77.027386890999935, -12.103280608999967 ], [ -77.031583208999962, -12.103540176999957 ], [ -77.036656173999972, -12.110017250999931 ], [ -77.038250001999984, -12.108976567999946 ], [ -77.039074448999941, -12.109784844999979 ], [ -77.040479534999974, -12.108361387999935 ], [ -77.043148458999951, -12.110885590999942 ], [ -77.046691401999965, -12.110941407999974 ], [ -77.04932305899996, -12.108310457999949 ], [ -77.051439450999965, -12.110312498999974 ], [ -77.053154569999947, -12.108451604999971 ], [ -77.053507860999957, -12.109609354999975 ], [ -77.056478243999948, -12.111334991999968 ], [ -77.051656640999965, -12.114533743999971 ], [ -77.050363583999967, -12.116522141999951 ], [ -77.05117383399994, -12.117496094999979 ], [ -77.050267577999989, -12.116679682999973 ], [ -77.04684763299997, -12.118867211999941 ], [ -77.046466792999979, -12.121992186999933 ], [ -77.045412108999983, -12.121595704999947 ], [ -77.038751960999946, -12.126154289999931 ], [ -77.039347661999955, -12.127542971999958 ], [ -77.038080071999957, -12.12718945499995 ], [ -77.035539061999941, -12.13043750099996 ], [ -77.037117188999957, -12.132691407999971 ], [ -77.035491911999941, -12.130659188999971 ], [ -77.030856909999954, -12.13379266499993 ], [ -77.028493497999989, -12.13901672999998 ], [ -77.029531255999984, -12.140162108999959 ], [ -77.025599468999985, -12.136292881999964 ], [ -77.022072265999952, -12.134431633999952 ], [ -77.019525384999952, -12.130527344999962 ], [ -77.018000940999968, -12.13120134299993 ], [ -77.017154050999977, -12.129908385999954 ], [ -77.016433593999977, -12.130539063999947 ], [ -77.013738282999952, -12.12941015399997 ], [ -77.012994134999985, -12.131261705999975 ], [ -77.011771485999986, -12.12999999799996 ], [ -77.009464304999938, -12.129913303999956 ], [ -77.009568438999963, -12.12764109699998 ], [ -77.001412220999953, -12.128450481999948 ], [ -77.010097532999964, -12.115643614999954 ], [ -77.013183233999939, -12.11765675099997 ], [ -77.013821284999949, -12.11929331999994 ], [ -77.017308216999936, -12.119364067999982 ], [ -77.017281253999954, -12.120550780999963 ], [ -77.018253577999985, -12.120556739999927 ], [ -77.018253987999969, -12.119415713999956 ], [ -77.025922944999934, -12.119156807999957 ], [ -77.027386890999935, -12.103280608999967 ] ] ] } },
{ "type": "Feature", "properties": { "distrito": "Lurigancho", "denuncias_total": 314, "denuncias_100m": 24, "tiene_ibc": true, "victimas_estimadas": 1162.0, "desconfianza_idx": 58.4, "pct_denuncias": 26.7, "pct_desconfianza": 13.3, "brecha": -13.3, "locales_afectados": 79.0, "alumnos_expuestos": 7500.0, "docentes_expuestos": 400.0, "inseguridad_col_educativa_pct": 18.2, "comisaria_mala_pct": 71.7, "pnp_atencion_mala_pct": 85.3, "temor_extorsion_pct": 21.7, "n_modulo_percepcion": null }, "geometry": { "type": "Polygon", "coordinates": [ [ [ -76.725688360999982, -11.878183354999976 ], [ -76.726679985999965, -11.874539979999952 ], [ -76.730319985999984, -11.878549979999946 ], [ -76.733389985999963, -11.886379979999958 ], [ -76.738869985999941, -11.893319979999944 ], [ -76.741689985999983, -11.894999979999966 ], [ -76.747009985999966, -11.894389979999971 ], [ -76.749589985999989, -11.895309979999979 ], [ -76.757059985999945, -11.902899979999972 ], [ -76.764179985999988, -11.906339979999927 ], [ -76.776959985999952, -11.915689979999968 ], [ -76.779569985999956, -11.915469979999955 ], [ -76.784939985999983, -11.91921997999998 ], [ -76.791679985999963, -11.927609979999943 ], [ -76.798009985999954, -11.929359979999958 ], [ -76.807569985999976, -11.927699979999943 ], [ -76.812169985999958, -11.928029979999963 ], [ -76.815409985999963, -11.926669979999929 ], [ -76.820179985999971, -11.928959979999945 ], [ -76.825279985999941, -11.934309979999966 ], [ -76.825899985999968, -11.941029979999939 ], [ -76.829309985999942, -11.944989979999946 ], [ -76.831999985999971, -11.945159979999971 ], [ -76.835329985999977, -11.943939979999982 ], [ -76.839789985999971, -11.94138997999994 ], [ -76.845499985999936, -11.93577997999995 ], [ -76.850319985999988, -11.93515997999998 ], [ -76.854679985999951, -11.937209979999977 ], [ -76.857339985999943, -11.940759979999939 ], [ -76.863489985999934, -11.94505997999994 ], [ -76.87407998599997, -11.948479979999945 ], [ -76.87837998599997, -11.95093997999993 ], [ -76.886395610999955, -11.952312604999975 ], [ -76.893745110999987, -11.956220604999942 ], [ -76.907977485999936, -11.954120729999943 ], [ -76.910427360999961, -11.954587354999944 ], [ -76.916551985999945, -11.959837104999963 ], [ -76.918283235999979, -11.960040979999974 ], [ -76.920226735999961, -11.957795479999959 ], [ -76.920634985999982, -11.953770729999974 ], [ -76.923492985999985, -11.947296229999949 ], [ -76.927751235999949, -11.943563104999953 ], [ -76.931373110999971, -11.94217397999995 ], [ -76.932389985999976, -11.944694354999967 ], [ -76.938057610999977, -11.948317604999943 ], [ -76.94090436099998, -11.952251229999945 ], [ -76.944631110999978, -11.953105354999934 ], [ -76.94812486099994, -11.952121854999973 ], [ -76.950169360999951, -11.953752354999949 ], [ -76.950835985999959, -11.962556604999975 ], [ -76.953498110999988, -11.969435604999944 ], [ -76.962384610999948, -11.983798729999933 ], [ -76.96381900199998, -11.987794373999975 ], [ -76.969397985999933, -11.994926979999946 ], [ -76.969645177999951, -11.999174985999957 ], [ -76.967408235999983, -12.004279354999937 ], [ -76.96008270699997, -12.006604981999942 ], [ -76.958496173999947, -12.008992532999969 ], [ -76.95588909199995, -12.010200364999946 ], [ -76.954019964999986, -12.012794584999938 ], [ -76.954352216999951, -12.015301393999948 ], [ -76.95219734899996, -12.017228272999944 ], [ -76.952401468999938, -12.021420512999953 ], [ -76.939034235999941, -12.021513729999981 ], [ -76.927214249999963, -12.02302840599998 ], [ -76.921148985999935, -12.022542729999941 ], [ -76.91194898599997, -12.020172729999956 ], [ -76.897358985999972, -12.013132729999938 ], [ -76.891361829999937, -12.012898241999949 ], [ -76.866980696999974, -12.007159934999947 ], [ -76.849584860999983, -12.005111104999969 ], [ -76.842569235999974, -12.001565729999982 ], [ -76.840593360999947, -11.99870610499994 ], [ -76.839215360999958, -11.994191229999956 ], [ -76.83734586099996, -11.992296354999951 ], [ -76.830117735999977, -11.989927479999949 ], [ -76.827410860999976, -11.987927604999982 ], [ -76.821123110999963, -11.986458729999981 ], [ -76.814079235999941, -11.983451354999943 ], [ -76.805494860999943, -11.983194229999981 ], [ -76.789988360999985, -11.977526104999981 ], [ -76.784601360999943, -11.977483229999962 ], [ -76.778835610999977, -11.975215729999945 ], [ -76.769980610999937, -11.974164604999942 ], [ -76.762125485999945, -11.971075104999954 ], [ -76.755913110999984, -11.97094347999996 ], [ -76.748137235999934, -11.967689354999948 ], [ -76.744513735999988, -11.967454729999929 ], [ -76.74302748599996, -11.96575372999996 ], [ -76.732167610999966, -11.961585354999954 ], [ -76.730894235999983, -11.961851854999964 ], [ -76.725148360999981, -11.969895104999978 ], [ -76.723130235999975, -11.974183604999951 ], [ -76.723298485999976, -11.976958604999936 ], [ -76.720607610999934, -11.985115229999963 ], [ -76.71522598599995, -11.989992479999955 ], [ -76.714792985999964, -11.992364854999948 ], [ -76.708498735999967, -11.992346979999979 ], [ -76.70000573599998, -11.985872104999942 ], [ -76.690671735999956, -11.986880979999967 ], [ -76.687157235999962, -11.989071229999979 ], [ -76.684280985999976, -11.989403854999978 ], [ -76.681001485999957, -11.988058354999964 ], [ -76.673507235999978, -11.980177104999939 ], [ -76.669397110999967, -11.980910729999948 ], [ -76.665108610999937, -11.979228979999959 ], [ -76.661408735999942, -11.979060854999943 ], [ -76.656363361, -11.975192729999947 ], [ -76.653924735999965, -11.970988229999932 ], [ -76.64833411099994, -11.967373104999979 ], [ -76.648458860999938, -11.964513354999951 ], [ -76.64686123599995, -11.960477104999939 ], [ -76.647269485999971, -11.952259479999952 ], [ -76.662417735999952, -11.936595729999965 ], [ -76.670658485999979, -11.931045854999979 ], [ -76.671715985999981, -11.92893760499993 ], [ -76.668769985999973, -11.923549979999962 ], [ -76.669438860999946, -11.921194104999927 ], [ -76.672473735999972, -11.920705854999937 ], [ -76.676091735999989, -11.916833979999979 ], [ -76.680834110999967, -11.915355104999946 ], [ -76.682266485999946, -11.911071729999946 ], [ -76.688136860999975, -11.906909979999966 ], [ -76.69284698599995, -11.901889229999938 ], [ -76.694140860999937, -11.896557979999955 ], [ -76.70343173599997, -11.891485604999957 ], [ -76.710907610999982, -11.892150604999927 ], [ -76.713495985999941, -11.888796604999982 ], [ -76.717797860999951, -11.887593479999964 ], [ -76.722500985999943, -11.88092185499994 ], [ -76.725688360999982, -11.878183354999976 ] ] ] } },
{ "type": "Feature", "properties": { "distrito": "Lurin", "denuncias_total": 195, "denuncias_100m": 16, "tiene_ibc": false, "victimas_estimadas": null, "desconfianza_idx": null, "pct_denuncias": null, "pct_desconfianza": null, "brecha": null, "locales_afectados": null, "alumnos_expuestos": null, "docentes_expuestos": null, "inseguridad_col_educativa_pct": null, "comisaria_mala_pct": null, "pnp_atencion_mala_pct": null, "temor_extorsion_pct": null, "n_modulo_percepcion": 31.0 }, "geometry": { "type": "Polygon", "coordinates": [ [ [ -76.711132985999939, -12.169745854999974 ], [ -76.73397836099997, -12.164412979999952 ], [ -76.741128860999936, -12.169079229999966 ], [ -76.743084110999973, -12.174367479999944 ], [ -76.746048860999963, -12.177461729999948 ], [ -76.75072748599996, -12.177789229999973 ], [ -76.756948860999955, -12.184588229999974 ], [ -76.765303235999966, -12.184677104999935 ], [ -76.769302735999986, -12.186143604999927 ], [ -76.771035860999973, -12.189165354999943 ], [ -76.776057485999956, -12.191609479999954 ], [ -76.781434360999981, -12.197253104999959 ], [ -76.789199235999945, -12.202912979999951 ], [ -76.792588360999957, -12.202452479999977 ], [ -76.796721110999954, -12.198897354999929 ], [ -76.808652, -12.197923 ], [ -76.815109, -12.199054 ], [ -76.818505, -12.205254 ], [ -76.82816, -12.214543 ], [ -76.831798, -12.215703 ], [ -76.837927, -12.215725 ], [ -76.844995235999988, -12.219828104999976 ], [ -76.845580063999989, -12.220724590999964 ], [ -76.844075005999969, -12.223354282999935 ], [ -76.844879485999968, -12.224126854999952 ], [ -76.843111110999985, -12.228282604999947 ], [ -76.844399985999985, -12.231098854999971 ], [ -76.842969985999957, -12.235908854999934 ], [ -76.84924323599995, -12.239504479999937 ], [ -76.85114011099995, -12.238265854999952 ], [ -76.852546110999981, -12.23482910499996 ], [ -76.855152360999966, -12.233088729999963 ], [ -76.858899485999984, -12.23679935499996 ], [ -76.859650735999935, -12.23885047999994 ], [ -76.86318205799995, -12.23569509899994 ], [ -76.865673630999936, -12.23922715599997 ], [ -76.867004165999958, -12.238720543999932 ], [ -76.865415237999969, -12.234821497999974 ], [ -76.866839235999976, -12.233557854999958 ], [ -76.868067985999971, -12.229759729999955 ], [ -76.872651235999967, -12.225065854999968 ], [ -76.870807243999934, -12.220641192999949 ], [ -76.877401110999983, -12.217446979999977 ], [ -76.884077235999939, -12.210538854999982 ], [ -76.889128860999961, -12.209432104999962 ], [ -76.890953110999988, -12.207761729999959 ], [ -76.889357110999981, -12.21450260499995 ], [ -76.896604110999988, -12.21881760499997 ], [ -76.907078235999961, -12.23399610499996 ], [ -76.908308229999989, -12.234456700999942 ], [ -76.91100189399998, -12.233444534999933 ], [ -76.912608915999954, -12.238244442999928 ], [ -76.911187649999988, -12.241472985999962 ], [ -76.914952611, -12.245370979999961 ], [ -76.914682360999961, -12.248253604999945 ], [ -76.915538110999989, -12.249514604999945 ], [ -76.917320261999976, -12.250108694999938 ], [ -76.918344610999952, -12.249614932999975 ], [ -76.918215024999938, -12.248137557999939 ], [ -76.927220245999933, -12.247177958999941 ], [ -76.927485307999973, -12.250333473999945 ], [ -76.926671533, -12.251362827999969 ], [ -76.927524013999971, -12.25269076099994 ], [ -76.938214479999942, -12.245378377999941 ], [ -76.940241077999985, -12.248278436999954 ], [ -76.902698923999935, -12.27361831199994 ], [ -76.89112886099997, -12.283519479999939 ], [ -76.861939485999983, -12.295896479999953 ], [ -76.855290985999943, -12.300185604999967 ], [ -76.846497985999974, -12.307431604999977 ], [ -76.843097610999962, -12.311703104999935 ], [ -76.839187485999958, -12.307736354999975 ], [ -76.827943360999939, -12.291978479999955 ], [ -76.820320235999986, -12.284944354999936 ], [ -76.819241735999981, -12.282846354999947 ], [ -76.805221985999935, -12.277414729999975 ], [ -76.800804735999975, -12.274308604999931 ], [ -76.795639985999969, -12.268029979999937 ], [ -76.791989985999976, -12.265189979999946 ], [ -76.787369985999987, -12.263289979999968 ], [ -76.780339985999944, -12.264089979999937 ], [ -76.77727998599994, -12.262429979999979 ], [ -76.773759985999959, -12.262419979999947 ], [ -76.771079985999961, -12.260919979999926 ], [ -76.768059985999969, -12.260649979999926 ], [ -76.763719985999955, -12.252449979999938 ], [ -76.759339985999986, -12.250159979999978 ], [ -76.75686998599997, -12.252969979999932 ], [ -76.752089985999987, -12.251789979999955 ], [ -76.748129985999981, -12.253339979999964 ], [ -76.74006998599998, -12.253639979999946 ], [ -76.73498998599996, -12.251769979999949 ], [ -76.730879985999934, -12.246149979999927 ], [ -76.72316011099997, -12.243929604999948 ], [ -76.720699985999943, -12.240949979999982 ], [ -76.721419985999944, -12.23585997999993 ], [ -76.720179985999948, -12.232569979999937 ], [ -76.714519985999971, -12.224789979999969 ], [ -76.712899985999968, -12.223669979999954 ], [ -76.707709985999941, -12.222959979999928 ], [ -76.705319985999949, -12.220469979999962 ], [ -76.697879985999975, -12.217329979999931 ], [ -76.694089985999938, -12.210439979999933 ], [ -76.695229985999958, -12.208579979999968 ], [ -76.69227998599996, -12.204709979999961 ], [ -76.683819985999946, -12.198099979999938 ], [ -76.682439985999963, -12.194009979999976 ], [ -76.679599985999971, -12.193939979999982 ], [ -76.672929985999986, -12.188789979999967 ], [ -76.665099985999973, -12.185259979999955 ], [ -76.662031235999962, -12.177962854999976 ], [ -76.665913985999964, -12.180134729999963 ], [ -76.667260985999974, -12.179947604999938 ], [ -76.677137610999978, -12.175567229999956 ], [ -76.684425485999952, -12.177344729999959 ], [ -76.690246735999949, -12.181788604999952 ], [ -76.69397973599996, -12.180010979999963 ], [ -76.704289485999936, -12.177833604999933 ], [ -76.709399860999952, -12.170767854999951 ], [ -76.711132985999939, -12.169745854999974 ] ] ] } },
{ "type": "Feature", "properties": { "distrito": "Santa Maria Del Mar", "denuncias_total": 3, "denuncias_100m": 0, "tiene_ibc": false, "victimas_estimadas": null, "desconfianza_idx": null, "pct_denuncias": null, "pct_desconfianza": null, "brecha": null, "locales_afectados": null, "alumnos_expuestos": null, "docentes_expuestos": null, "inseguridad_col_educativa_pct": null, "comisaria_mala_pct": null, "pnp_atencion_mala_pct": null, "temor_extorsion_pct": null, "n_modulo_percepcion": 0.0 }, "geometry": { "type": "MultiPolygon", "coordinates": [ [ [ [ -76.756693594999945, -12.402021272999946 ], [ -76.770728690999988, -12.387138096999934 ], [ -76.775165024999978, -12.393175241999927 ], [ -76.774805452999942, -12.394923882999933 ], [ -76.776096198999937, -12.398071874999971 ], [ -76.778982079999935, -12.398767210999949 ], [ -76.779095559999973, -12.400625551999951 ], [ -76.778328128999988, -12.39986328699996 ], [ -76.777670110999964, -12.400404352999942 ], [ -76.775779360999934, -12.404148477999968 ], [ -76.777068309999947, -12.406227456999943 ], [ -76.776016024999933, -12.408170094999946 ], [ -76.778089858999977, -12.411749977999932 ], [ -76.779812485999969, -12.411433604999957 ], [ -76.780609391999974, -12.40928067599998 ], [ -76.781713503999981, -12.409626407999951 ], [ -76.780512735999935, -12.411191493999979 ], [ -76.781583387999945, -12.411749124999972 ], [ -76.780378907999989, -12.412485198999946 ], [ -76.781546212999956, -12.412842081999941 ], [ -76.780546194999943, -12.412790036999979 ], [ -76.781578110999988, -12.414970729999936 ], [ -76.775954360999947, -12.424430979999954 ], [ -76.774462610999933, -12.425263604999941 ], [ -76.772346610999989, -12.425333104999936 ], [ -76.770612110999934, -12.420892604999949 ], [ -76.762668110999982, -12.419227479999961 ], [ -76.761141735999956, -12.422349604999965 ], [ -76.756985524999948, -12.424783481999953 ], [ -76.755618458999948, -12.427791028999934 ], [ -76.753431116999934, -12.428828204999945 ], [ -76.754223090999972, -12.420179536999967 ], [ -76.756527360999939, -12.409951229999933 ], [ -76.756693594999945, -12.402021272999946 ] ] ], [ [ [ -76.781439360999968, -12.409248104999961 ], [ -76.781447235999963, -12.408966852999981 ], [ -76.781822235999982, -12.409193354999957 ], [ -76.781439360999968, -12.409248104999961 ] ] ] ] } },
{ "type": "Feature", "properties": { "distrito": "Breña", "denuncias_total": 81, "denuncias_100m": 20, "tiene_ibc": false, "victimas_estimadas": null, "desconfianza_idx": null, "pct_denuncias": null, "pct_desconfianza": null, "brecha": null, "locales_afectados": null, "alumnos_expuestos": null, "docentes_expuestos": null, "inseguridad_col_educativa_pct": null, "comisaria_mala_pct": null, "pnp_atencion_mala_pct": null, "temor_extorsion_pct": null, "n_modulo_percepcion": 28.0 }, "geometry": { "type": "Polygon", "coordinates": [ [ [ -77.053346837999982, -12.049171828999931 ], [ -77.057636798999965, -12.05572828499993 ], [ -77.061222589999943, -12.067527264999967 ], [ -77.054339657999947, -12.066565748999949 ], [ -77.049735845999976, -12.070190039999943 ], [ -77.04189852899998, -12.060637162999967 ], [ -77.042367751999961, -12.050870910999947 ], [ -77.053346837999982, -12.049171828999931 ] ] ] } },
{ "type": "Feature", "properties": { "distrito": "Mi Peru", "denuncias_total": 8, "denuncias_100m": 4, "tiene_ibc": false, "victimas_estimadas": null, "desconfianza_idx": null, "pct_denuncias": null, "pct_desconfianza": null, "brecha": null, "locales_afectados": null, "alumnos_expuestos": null, "docentes_expuestos": null, "inseguridad_col_educativa_pct": null, "comisaria_mala_pct": null, "pnp_atencion_mala_pct": null, "temor_extorsion_pct": null, "n_modulo_percepcion": 78.0 }, "geometry": { "type": "Polygon", "coordinates": [ [ [ -77.113343687999986, -11.842970449999939 ], [ -77.115086237999947, -11.841718254999932 ], [ -77.117736849999972, -11.844442467999954 ], [ -77.120571575999975, -11.848754203999931 ], [ -77.126551794999955, -11.849818891999973 ], [ -77.129785011999957, -11.853524916999959 ], [ -77.130154685999969, -11.860494496999934 ], [ -77.129185677999942, -11.861764363999953 ], [ -77.123400364999952, -11.859169195999982 ], [ -77.12377381999994, -11.862948891999963 ], [ -77.122949929999947, -11.865332729999977 ], [ -77.121019364999938, -11.86510353999995 ], [ -77.119928173999938, -11.862859963999938 ], [ -77.117231155999946, -11.861304063999967 ], [ -77.110703304999959, -11.854003846999944 ], [ -77.111354634999941, -11.850819783999953 ], [ -77.112617923999949, -11.850305803999959 ], [ -77.113944866999987, -11.851250375999939 ], [ -77.116215315999966, -11.848608672999944 ], [ -77.115327983999975, -11.847197172999927 ], [ -77.114096265999933, -11.848197510999967 ], [ -77.112970819999987, -11.847567633999972 ], [ -77.113343687999986, -11.842970449999939 ] ] ] } },
{ "type": "Feature", "properties": { "distrito": "Bellavista", "denuncias_total": 105, "denuncias_100m": 22, "tiene_ibc": true, "victimas_estimadas": 388.0, "desconfianza_idx": 62.5, "pct_denuncias": 13.3, "pct_desconfianza": 26.7, "brecha": 13.3, "locales_afectados": 126.0, "alumnos_expuestos": 4594.0, "docentes_expuestos": 315.0, "inseguridad_col_educativa_pct": 44.3, "comisaria_mala_pct": 62.7, "pnp_atencion_mala_pct": 80.6, "temor_extorsion_pct": 26.6, "n_modulo_percepcion": null }, "geometry": { "type": "Polygon", "coordinates": [ [ [ -77.087672630999975, -12.051911846999928 ], [ -77.120799854999973, -12.058197657999926 ], [ -77.134272177999947, -12.059694996999951 ], [ -77.133073089999982, -12.067646705999948 ], [ -77.108344026999987, -12.063435959999936 ], [ -77.087108888999978, -12.061518569999976 ], [ -77.088181198999962, -12.060799940999971 ], [ -77.088423681999984, -12.058686147999936 ], [ -77.087672630999975, -12.051911846999928 ] ] ] } },
{ "type": "Feature", "properties": { "distrito": "Carmen De La Legua Reynoso", "denuncias_total": 35, "denuncias_100m": 13, "tiene_ibc": false, "victimas_estimadas": null, "desconfianza_idx": null, "pct_denuncias": null, "pct_desconfianza": null, "brecha": null, "locales_afectados": null, "alumnos_expuestos": null, "docentes_expuestos": null, "inseguridad_col_educativa_pct": null, "comisaria_mala_pct": null, "pnp_atencion_mala_pct": null, "temor_extorsion_pct": null, "n_modulo_percepcion": 56.0 }, "geometry": { "type": "Polygon", "coordinates": [ [ [ -77.083026192999966, -12.036344483999926 ], [ -77.099248228999954, -12.03968772199994 ], [ -77.098397329999955, -12.04841197199994 ], [ -77.081611079999959, -12.046947053999929 ], [ -77.081775280999977, -12.04493849499994 ], [ -77.082719556999962, -12.045010936999972 ], [ -77.083026192999966, -12.036344483999926 ] ] ] } },
{ "type": "Feature", "properties": { "distrito": "La Perla", "denuncias_total": 96, "denuncias_100m": 27, "tiene_ibc": true, "victimas_estimadas": 355.0, "desconfianza_idx": 63.6, "pct_denuncias": 6.7, "pct_desconfianza": 40.0, "brecha": 33.3, "locales_afectados": 17.0, "alumnos_expuestos": 3339.0, "docentes_expuestos": 277.0, "inseguridad_col_educativa_pct": 50.0, "comisaria_mala_pct": 67.2, "pnp_atencion_mala_pct": 73.6, "temor_extorsion_pct": 21.0, "n_modulo_percepcion": null }, "geometry": { "type": "Polygon", "coordinates": [ [ [ -77.104651301, -12.063281721999942 ], [ -77.132964407999964, -12.067852248999941 ], [ -77.132593220999979, -12.070492467999941 ], [ -77.111491847999957, -12.079513758999951 ], [ -77.107614251999962, -12.073558731999981 ], [ -77.106063911999968, -12.074221498999975 ], [ -77.104809058999933, -12.071349330999965 ], [ -77.104020808999962, -12.067166825999948 ], [ -77.104651301, -12.063281721999942 ] ] ] } },
{ "type": "Feature", "properties": { "distrito": "La Punta", "denuncias_total": 9, "denuncias_100m": 0, "tiene_ibc": false, "victimas_estimadas": null, "desconfianza_idx": null, "pct_denuncias": null, "pct_desconfianza": null, "brecha": null, "locales_afectados": null, "alumnos_expuestos": null, "docentes_expuestos": null, "inseguridad_col_educativa_pct": null, "comisaria_mala_pct": null, "pnp_atencion_mala_pct": null, "temor_extorsion_pct": null, "n_modulo_percepcion": 12.0 }, "geometry": { "type": "Polygon", "coordinates": [ [ [ -77.158780196999942, -12.066473196999937 ], [ -77.165251964999982, -12.070077268999967 ], [ -77.166286886999956, -12.070182440999929 ], [ -77.166697343999942, -12.06862627299995 ], [ -77.166834882999979, -12.068632926999953 ], [ -77.166269677999935, -12.070695522999927 ], [ -77.168370964999951, -12.071471844999962 ], [ -77.168278075999979, -12.069036493999931 ], [ -77.166779538999947, -12.067651393999938 ], [ -77.166927616999942, -12.067636063999942 ], [ -77.168359649999957, -12.068893075999938 ], [ -77.168796077999957, -12.071160934999966 ], [ -77.170915862999948, -12.071948061999933 ], [ -77.169840384999986, -12.074543241999947 ], [ -77.166348970999934, -12.074153573999979 ], [ -77.163173860999962, -12.075361354999927 ], [ -77.159056610999983, -12.074255854999933 ], [ -77.156818360999978, -12.07241010499996 ], [ -77.157898485999965, -12.071328104999964 ], [ -77.156408235999947, -12.06818560499994 ], [ -77.158780196999942, -12.066473196999937 ] ] ] } },
{ "type": "Feature", "properties": { "distrito": "Jesus Maria", "denuncias_total": 83, "denuncias_100m": 17, "tiene_ibc": false, "victimas_estimadas": null, "desconfianza_idx": null, "pct_denuncias": null, "pct_desconfianza": null, "brecha": null, "locales_afectados": null, "alumnos_expuestos": null, "docentes_expuestos": null, "inseguridad_col_educativa_pct": null, "comisaria_mala_pct": null, "pnp_atencion_mala_pct": null, "temor_extorsion_pct": null, "n_modulo_percepcion": 27.0 }, "geometry": { "type": "Polygon", "coordinates": [ [ [ -77.037618462999944, -12.064467174999947 ], [ -77.045669860999965, -12.065251979999971 ], [ -77.063145364999968, -12.086482428999943 ], [ -77.053257204999966, -12.093043336999926 ], [ -77.04961052699997, -12.086125573999936 ], [ -77.046282522999945, -12.08304031199998 ], [ -77.041934942999944, -12.082902235999939 ], [ -77.041747481999948, -12.080610928999931 ], [ -77.036316759999977, -12.079853387999947 ], [ -77.03816964799995, -12.067680750999955 ], [ -77.037618462999944, -12.064467174999947 ] ] ] } },
{ "type": "Feature", "properties": { "distrito": "Pueblo Libre", "denuncias_total": 67, "denuncias_100m": 8, "tiene_ibc": false, "victimas_estimadas": null, "desconfianza_idx": null, "pct_denuncias": null, "pct_desconfianza": null, "brecha": null, "locales_afectados": null, "alumnos_expuestos": null, "docentes_expuestos": null, "inseguridad_col_educativa_pct": null, "comisaria_mala_pct": null, "pnp_atencion_mala_pct": null, "temor_extorsion_pct": null, "n_modulo_percepcion": 16.0 }, "geometry": { "type": "Polygon", "coordinates": [ [ [ -77.05432729499995, -12.066592825999976 ], [ -77.077796169999942, -12.068473584999936 ], [ -77.078609876999963, -12.073432010999966 ], [ -77.081398712999942, -12.078248836999933 ], [ -77.071445272999938, -12.081550580999931 ], [ -77.072134229999961, -12.083554155999934 ], [ -77.063328130999935, -12.08670703699994 ], [ -77.049735845999976, -12.070190039999943 ], [ -77.05432729499995, -12.066592825999976 ] ] ] } },
{ "type": "Feature", "properties": { "distrito": "Pachacamac", "denuncias_total": 283, "denuncias_100m": 23, "tiene_ibc": false, "victimas_estimadas": null, "desconfianza_idx": null, "pct_denuncias": null, "pct_desconfianza": null, "brecha": null, "locales_afectados": null, "alumnos_expuestos": null, "docentes_expuestos": null, "inseguridad_col_educativa_pct": null, "comisaria_mala_pct": null, "pnp_atencion_mala_pct": null, "temor_extorsion_pct": null, "n_modulo_percepcion": 51.0 }, "geometry": { "type": "Polygon", "coordinates": [ [ [ -76.832283468999947, -12.145908620999933 ], [ -76.889133235999964, -12.059356354999977 ], [ -76.89111948599998, -12.067207979999978 ], [ -76.889261772999987, -12.076755006999974 ], [ -76.885598235999964, -12.076364979999937 ], [ -76.885404235999943, -12.083509729999946 ], [ -76.886580286999958, -12.08532889199995 ], [ -76.88368405999995, -12.08955250899993 ], [ -76.885693639999943, -12.092116973999964 ], [ -76.892104803999985, -12.093526680999958 ], [ -76.890147712999976, -12.099615411999935 ], [ -76.89449680599995, -12.105816618999938 ], [ -76.896258938999949, -12.112325260999967 ], [ -76.898306011999978, -12.114327344999936 ], [ -76.902706927999986, -12.11323056599997 ], [ -76.90616646899997, -12.115600620999942 ], [ -76.907412784999963, -12.119047381999962 ], [ -76.910158739999986, -12.120483243999956 ], [ -76.912584610999943, -12.12672235499997 ], [ -76.908817204999934, -12.130670530999964 ], [ -76.903912214999934, -12.131697643999928 ], [ -76.900849985999969, -12.134719979999943 ], [ -76.898779985999965, -12.139369979999969 ], [ -76.896459985999968, -12.141609979999942 ], [ -76.895532985999978, -12.147335729999952 ], [ -76.893525485999987, -12.150261354999941 ], [ -76.88342561099995, -12.155163479999942 ], [ -76.88124023599994, -12.167859479999947 ], [ -76.884748360999936, -12.173884854999926 ], [ -76.883095735999973, -12.179499979999946 ], [ -76.885510860999943, -12.187283979999961 ], [ -76.887290985999982, -12.188429729999939 ], [ -76.889059110999938, -12.194629354999961 ], [ -76.892031485999951, -12.199329104999947 ], [ -76.890428610999948, -12.202970604999962 ], [ -76.89113473599997, -12.207296979999967 ], [ -76.889128860999961, -12.209432104999962 ], [ -76.884077235999939, -12.210538854999982 ], [ -76.877401110999983, -12.217446979999977 ], [ -76.870807243999934, -12.220641192999949 ], [ -76.872651235999967, -12.225065854999968 ], [ -76.868067985999971, -12.229759729999955 ], [ -76.866839235999976, -12.233557854999958 ], [ -76.865415237999969, -12.234821497999974 ], [ -76.867004165999958, -12.238720543999932 ], [ -76.865673630999936, -12.23922715599997 ], [ -76.86318205799995, -12.23569509899994 ], [ -76.859650735999935, -12.23885047999994 ], [ -76.858899485999984, -12.23679935499996 ], [ -76.855152360999966, -12.233088729999963 ], [ -76.852546110999981, -12.23482910499996 ], [ -76.849756486, -12.239515604999951 ], [ -76.843276235999951, -12.236322854999969 ], [ -76.844399985999985, -12.231098854999971 ], [ -76.843111110999985, -12.228282604999947 ], [ -76.844879485999968, -12.224126854999952 ], [ -76.844075005999969, -12.223354282999935 ], [ -76.845580063999989, -12.220724590999964 ], [ -76.844995235999988, -12.219828104999976 ], [ -76.837927, -12.215725 ], [ -76.831798, -12.215703 ], [ -76.82816, -12.214543 ], [ -76.818505, -12.205254 ], [ -76.815109, -12.199054 ], [ -76.808652, -12.197923 ], [ -76.796721110999954, -12.198897354999929 ], [ -76.792588360999957, -12.202452479999977 ], [ -76.789199235999945, -12.202912979999951 ], [ -76.781434360999981, -12.197253104999959 ], [ -76.776057485999956, -12.191609479999954 ], [ -76.771035860999973, -12.189165354999943 ], [ -76.769302735999986, -12.186143604999927 ], [ -76.765303235999966, -12.184677104999935 ], [ -76.756948860999955, -12.184588229999974 ], [ -76.75072748599996, -12.177789229999973 ], [ -76.746048860999963, -12.177461729999948 ], [ -76.743084110999973, -12.174367479999944 ], [ -76.741128860999936, -12.169079229999966 ], [ -76.73397836099997, -12.164412979999952 ], [ -76.711132985999939, -12.169745854999974 ], [ -76.709399860999952, -12.170767854999951 ], [ -76.704289485999936, -12.177833604999933 ], [ -76.69397973599996, -12.180010979999963 ], [ -76.690246735999949, -12.181788604999952 ], [ -76.681892485999981, -12.176322729999981 ], [ -76.675182360999941, -12.175922729999968 ], [ -76.669583110999952, -12.179300104999982 ], [ -76.665913985999964, -12.180134729999963 ], [ -76.661080610999988, -12.176522729999931 ], [ -76.660339860999954, -12.17345510499996 ], [ -76.661008485999957, -12.173181729999953 ], [ -76.671739985999977, -12.172369979999928 ], [ -76.673929985999962, -12.169049979999954 ], [ -76.673939985999937, -12.167199979999964 ], [ -76.677609985999936, -12.164239979999934 ], [ -76.679279985999983, -12.164049979999959 ], [ -76.68791998599994, -12.151829979999945 ], [ -76.689154860999963, -12.146189104999962 ], [ -76.691558360999977, -12.141357854999967 ], [ -76.679299860999947, -12.130974229999936 ], [ -76.69051086099995, -12.124715604999949 ], [ -76.693726985999945, -12.118765854999936 ], [ -76.697747110999956, -12.115187854999931 ], [ -76.702261532999955, -12.114795215999948 ], [ -76.705081911999969, -12.113332196999977 ], [ -76.716976932999955, -12.118262608999942 ], [ -76.717714565999984, -12.121507598999926 ], [ -76.72170373199998, -12.122034649999932 ], [ -76.722731157999988, -12.123320598999953 ], [ -76.725739297999951, -12.124333207999939 ], [ -76.726662528999952, -12.123738342999957 ], [ -76.72750009899994, -12.124504530999957 ], [ -76.728337669999974, -12.123671717999969 ], [ -76.730702852999968, -12.124618745999953 ], [ -76.734595651999939, -12.129292004999968 ], [ -76.736665782999978, -12.129296764999935 ], [ -76.740787008999973, -12.131590565999943 ], [ -76.747083061999945, -12.133218116999956 ], [ -76.748615434999977, -12.134836149999956 ], [ -76.752284563999979, -12.13600684499994 ], [ -76.761302721999982, -12.136325692999947 ], [ -76.764681555999971, -12.135193069999957 ], [ -76.765728518999936, -12.136035397999933 ], [ -76.770844360999945, -12.134864704999927 ], [ -76.778753688999984, -12.137891377999949 ], [ -76.784607163999965, -12.138976411999977 ], [ -76.791862467999977, -12.142530620999935 ], [ -76.797691467999982, -12.14270062099996 ], [ -76.800262467999971, -12.143731620999972 ], [ -76.801091803999952, -12.142321762999927 ], [ -76.803470555999979, -12.141371301999982 ], [ -76.810707467999976, -12.14129851499996 ], [ -76.832283468999947, -12.145908620999933 ] ] ] } },
{ "type": "Feature", "properties": { "distrito": "Pucusana", "denuncias_total": 18, "denuncias_100m": 5, "tiene_ibc": false, "victimas_estimadas": null, "desconfianza_idx": null, "pct_denuncias": null, "pct_desconfianza": null, "brecha": null, "locales_afectados": null, "alumnos_expuestos": null, "docentes_expuestos": null, "inseguridad_col_educativa_pct": null, "comisaria_mala_pct": null, "pnp_atencion_mala_pct": null, "temor_extorsion_pct": null, "n_modulo_percepcion": 15.0 }, "geometry": { "type": "MultiPolygon", "coordinates": [ [ [ [ -76.772346610999989, -12.425333104999936 ], [ -76.775954360999947, -12.424430979999954 ], [ -76.778833610999982, -12.418533729999979 ], [ -76.780511735999937, -12.417171854999935 ], [ -76.781195360999959, -12.417960979999975 ], [ -76.778886735999947, -12.423726604999956 ], [ -76.779386735999935, -12.426333979999981 ], [ -76.77577148599994, -12.43325585499997 ], [ -76.775390610999978, -12.439271479999945 ], [ -76.776925735999953, -12.44212497999996 ], [ -76.77866211099996, -12.441583979999962 ], [ -76.780164110999976, -12.443515604999959 ], [ -76.780974610999976, -12.442441354999971 ], [ -76.781589860999986, -12.445031229999927 ], [ -76.783064485999944, -12.443300729999976 ], [ -76.783410110999966, -12.444023479999942 ], [ -76.78505073599996, -12.443435604999934 ], [ -76.783078110999952, -12.453492229999938 ], [ -76.784363235999933, -12.455968729999938 ], [ -76.788382860999945, -12.456087854999964 ], [ -76.788521360999937, -12.46174810499997 ], [ -76.787333985999965, -12.462290979999977 ], [ -76.790849610999942, -12.464535104999982 ], [ -76.790158235999968, -12.465880854999966 ], [ -76.79176561099996, -12.468140604999974 ], [ -76.789078110999981, -12.469499979999966 ], [ -76.789554735999957, -12.471249979999982 ], [ -76.79123636099996, -12.471165979999967 ], [ -76.791593735999982, -12.47342185499997 ], [ -76.792471212999942, -12.473550153999952 ], [ -76.790737376999971, -12.477163452999946 ], [ -76.793130860999952, -12.479044979999969 ], [ -76.796989237999981, -12.47904596099994 ], [ -76.798175233999984, -12.480843069999935 ], [ -76.799668331999953, -12.480644317999975 ], [ -76.799699311999973, -12.479805311999939 ], [ -76.801105034999978, -12.480580329999952 ], [ -76.800859167999988, -12.478885979999973 ], [ -76.802775333999989, -12.479877468999973 ], [ -76.802202761, -12.482636415999934 ], [ -76.801251405999949, -12.482551335999972 ], [ -76.800571741999988, -12.484632745999932 ], [ -76.799012841999968, -12.48563446299994 ], [ -76.799604483999985, -12.488383487999954 ], [ -76.797803278999936, -12.489463511999929 ], [ -76.798937940999963, -12.491619643999968 ], [ -76.799989663999952, -12.49172909899994 ], [ -76.799237753999989, -12.49362790999993 ], [ -76.800687805999985, -12.495430444999954 ], [ -76.805363557999954, -12.494270192999977 ], [ -76.804981772999952, -12.496811628999978 ], [ -76.802735561999953, -12.497044813999935 ], [ -76.801902752, -12.498191714999962 ], [ -76.801090182999985, -12.497608192999962 ], [ -76.798500120999961, -12.499800229999948 ], [ -76.799324557999967, -12.501072944999976 ], [ -76.79876593299997, -12.501774194999939 ], [ -76.800490555999943, -12.502303444999939 ], [ -76.801826606999953, -12.504549634999933 ], [ -76.802373883999962, -12.504183196999975 ], [ -76.803849149999962, -12.509094403999939 ], [ -76.801869436999937, -12.509422770999947 ], [ -76.800789307999935, -12.508194069999945 ], [ -76.800265680999985, -12.509341868999968 ], [ -76.79862861099997, -12.509280003999947 ], [ -76.797693680999942, -12.51103169299995 ], [ -76.789948536999987, -12.516223626999931 ], [ -76.78536246799996, -12.518017620999956 ], [ -76.786003468, -12.518763620999948 ], [ -76.784650110999962, -12.51882532999997 ], [ -76.784164235999981, -12.519931604999954 ], [ -76.786466485999938, -12.512895854999954 ], [ -76.790941360999966, -12.506248479999954 ], [ -76.790800485999966, -12.503120104999937 ], [ -76.77288736099996, -12.495022854999945 ], [ -76.771490610999933, -12.493263979999938 ], [ -76.768359360999966, -12.482351604999963 ], [ -76.765107, -12.479294 ], [ -76.756953, -12.475505 ], [ -76.751915548999989, -12.463402085999974 ], [ -76.757010032999972, -12.443964587999972 ], [ -76.753239934999954, -12.431979042999956 ], [ -76.753431116999934, -12.428828204999945 ], [ -76.755618458999948, -12.427791028999934 ], [ -76.756985524999948, -12.424783481999953 ], [ -76.761141735999956, -12.422349604999965 ], [ -76.762668110999982, -12.419227479999961 ], [ -76.770612110999934, -12.420892604999949 ], [ -76.772346610999989, -12.425333104999936 ] ] ], [ [ [ -76.797237319999965, -12.47705958399996 ], [ -76.797563477999972, -12.476967489999936 ], [ -76.797591311999952, -12.477166719999957 ], [ -76.797237319999965, -12.47705958399996 ] ] ], [ [ [ -76.799239446999934, -12.471475079999948 ], [ -76.801934280999944, -12.472694893999972 ], [ -76.802843440999936, -12.475591059999942 ], [ -76.801354311999944, -12.478471940999952 ], [ -76.799930530999973, -12.479288507999968 ], [ -76.797339481999984, -12.476030546999937 ], [ -76.798527089999936, -12.475078280999981 ], [ -76.79823610699998, -12.473097184999972 ], [ -76.799564196999938, -12.473062227999947 ], [ -76.799239446999934, -12.471475079999948 ] ] ] ] } },
{ "type": "Feature", "properties": { "distrito": "Barranco", "denuncias_total": 38, "denuncias_100m": 4, "tiene_ibc": false, "victimas_estimadas": null, "desconfianza_idx": null, "pct_denuncias": null, "pct_desconfianza": null, "brecha": null, "locales_afectados": null, "alumnos_expuestos": null, "docentes_expuestos": null, "inseguridad_col_educativa_pct": null, "comisaria_mala_pct": null, "pnp_atencion_mala_pct": null, "temor_extorsion_pct": null, "n_modulo_percepcion": 5.0 }, "geometry": { "type": "Polygon", "coordinates": [ [ [ -77.019482915999959, -12.130611520999935 ], [ -77.022072265999952, -12.134431633999952 ], [ -77.025599468999985, -12.136292881999964 ], [ -77.029215708999971, -12.140028918999974 ], [ -77.026111411999977, -12.144275170999947 ], [ -77.025808559999973, -12.145230719999972 ], [ -77.026863317999982, -12.145669332999944 ], [ -77.025975649999964, -12.145831202999943 ], [ -77.024915669999984, -12.14825923799998 ], [ -77.025364725999964, -12.153914207999946 ], [ -77.027667940999947, -12.154457397999977 ], [ -77.025901190999946, -12.154308678999939 ], [ -77.025782450999941, -12.155313590999981 ], [ -77.027286267999955, -12.15559555599998 ], [ -77.02863757199998, -12.153797094999959 ], [ -77.027375032999942, -12.155773090999958 ], [ -77.026429735999955, -12.155792979999944 ], [ -77.026308610999934, -12.157306604999974 ], [ -77.019471485999986, -12.154657422999946 ], [ -77.019323958999962, -12.15383412999995 ], [ -77.016050778999954, -12.155620092999982 ], [ -77.015622735999955, -12.154725198999927 ], [ -77.018376604999958, -12.152608311999927 ], [ -77.012440921999939, -12.140411748999952 ], [ -77.017874376999941, -12.13572172399995 ], [ -77.018000940999968, -12.13120134299993 ], [ -77.019482915999959, -12.130611520999935 ] ] ] } },
{ "type": "Feature", "properties": { "distrito": "Chaclacayo", "denuncias_total": 93, "denuncias_100m": 4, "tiene_ibc": false, "victimas_estimadas": null, "desconfianza_idx": null, "pct_denuncias": null, "pct_desconfianza": null, "brecha": null, "locales_afectados": null, "alumnos_expuestos": null, "docentes_expuestos": null, "inseguridad_col_educativa_pct": null, "comisaria_mala_pct": null, "pnp_atencion_mala_pct": null, "temor_extorsion_pct": null, "n_modulo_percepcion": 6.0 }, "geometry": { "type": "Polygon", "coordinates": [ [ [ -76.730894235999983, -11.961851854999964 ], [ -76.736150360999943, -11.962548604999938 ], [ -76.74302748599996, -11.96575372999996 ], [ -76.744513735999988, -11.967454729999929 ], [ -76.748137235999934, -11.967689354999948 ], [ -76.755913110999984, -11.97094347999996 ], [ -76.762125485999945, -11.971075104999954 ], [ -76.769980610999937, -11.974164604999942 ], [ -76.778835610999977, -11.975215729999945 ], [ -76.784601360999943, -11.977483229999962 ], [ -76.789988360999985, -11.977526104999981 ], [ -76.805494860999943, -11.983194229999981 ], [ -76.814079235999941, -11.983451354999943 ], [ -76.83734586099996, -11.992296354999951 ], [ -76.83517001499996, -11.996345989999952 ], [ -76.832177401999957, -11.99507072199998 ], [ -76.831711309999946, -11.996170844999938 ], [ -76.823579860999985, -11.998767104999956 ], [ -76.820783610999968, -12.000887604999946 ], [ -76.811814860999959, -12.002164979999975 ], [ -76.805164985999966, -11.998474729999941 ], [ -76.80333811099996, -11.998767104999956 ], [ -76.798734485999944, -12.003041979999978 ], [ -76.789271235999934, -12.00395535499996 ], [ -76.785361860999956, -12.007207229999949 ], [ -76.784557985999982, -12.009253229999956 ], [ -76.78285873599998, -12.023247104999939 ], [ -76.75498036099998, -12.017271854999933 ], [ -76.751293610999937, -12.01522360499996 ], [ -76.746850485999971, -12.006463479999979 ], [ -76.74190336099997, -12.002934479999965 ], [ -76.737937485999964, -12.002201229999969 ], [ -76.733805110999981, -11.99997247999994 ], [ -76.722338735999983, -11.999593979999929 ], [ -76.720355360999974, -11.998064979999981 ], [ -76.717664486, -11.993103729999973 ], [ -76.714792985999964, -11.992364854999948 ], [ -76.71522598599995, -11.989992479999955 ], [ -76.720607610999934, -11.985115229999963 ], [ -76.723298485999976, -11.976958604999936 ], [ -76.723802985999953, -11.97233360499996 ], [ -76.730894235999983, -11.961851854999964 ] ] ] } },
{ "type": "Feature", "properties": { "distrito": "Chorrillos", "denuncias_total": 592, "denuncias_100m": 62, "tiene_ibc": true, "victimas_estimadas": 2190.0, "desconfianza_idx": 74.4, "pct_denuncias": 53.3, "pct_desconfianza": 86.7, "brecha": 33.3, "locales_afectados": 70.0, "alumnos_expuestos": 10911.0, "docentes_expuestos": 691.0, "inseguridad_col_educativa_pct": 57.3, "comisaria_mala_pct": 85.0, "pnp_atencion_mala_pct": 80.8, "temor_extorsion_pct": 20.3, "n_modulo_percepcion": null }, "geometry": { "type": "Polygon", "coordinates": [ [ [ -77.01927152899998, -12.153866252999933 ], [ -77.019471485999986, -12.154657422999946 ], [ -77.025748118999957, -12.156874721999941 ], [ -77.02644279499998, -12.158759655999972 ], [ -77.027711013999976, -12.159112377999975 ], [ -77.027140313999951, -12.162477118999959 ], [ -77.028357011999958, -12.165619920999973 ], [ -77.029638716999955, -12.165756211999962 ], [ -77.029811497999958, -12.164958069999955 ], [ -77.030180073999986, -12.164304145999949 ], [ -77.030449569999973, -12.16418921199994 ], [ -77.029882835999956, -12.165259270999968 ], [ -77.030568466999966, -12.16557632599995 ], [ -77.031844608999961, -12.164268475999961 ], [ -77.032161663999943, -12.165524803999972 ], [ -77.036624454999981, -12.165268663999939 ], [ -77.035093735999965, -12.165431604999981 ], [ -77.035221585999977, -12.166376727999932 ], [ -77.038400360999958, -12.168420104999939 ], [ -77.036224610999966, -12.17011135499996 ], [ -77.036378860999946, -12.171132854999939 ], [ -77.035267610999938, -12.171285104999981 ], [ -77.033468735999975, -12.176277479999953 ], [ -77.033847610999942, -12.178208979999965 ], [ -77.039550735999967, -12.182136729999968 ], [ -77.038771485999973, -12.185476604999963 ], [ -77.039455110999938, -12.188103479999938 ], [ -77.038456985999971, -12.190039104999926 ], [ -77.039835985999957, -12.193095729999982 ], [ -77.035740235999981, -12.196814479999944 ], [ -77.034064485999977, -12.200513729999955 ], [ -77.034154360999935, -12.201552729999946 ], [ -77.037708985999984, -12.20408397999995 ], [ -77.037882985999943, -12.205593854999961 ], [ -77.035372860999985, -12.206007854999939 ], [ -77.034581985999978, -12.207414104999941 ], [ -77.032865235999964, -12.20652347999993 ], [ -77.025374985999974, -12.209470729999964 ], [ -76.975904235999963, -12.230748104999975 ], [ -76.972382118999974, -12.224767053999926 ], [ -76.976208946999975, -12.220781020999937 ], [ -76.977024665999977, -12.218177459999936 ], [ -76.972879309999939, -12.195272864999936 ], [ -76.977365001999942, -12.194284055999958 ], [ -76.979826671999945, -12.187858567999967 ], [ -76.983566626999959, -12.188321249999944 ], [ -76.983981528999948, -12.185515223999971 ], [ -76.982070161999957, -12.18503640199998 ], [ -76.983280097999966, -12.17909513799998 ], [ -76.981051200999957, -12.171822266999982 ], [ -76.983255985999961, -12.171022854999933 ], [ -76.986237360999951, -12.167665854999939 ], [ -76.988031985999953, -12.172541854999963 ], [ -76.990400475999934, -12.17298604399997 ], [ -76.999422888999959, -12.166592125999955 ], [ -77.002383306999945, -12.174174332999939 ], [ -77.004253731999938, -12.17364140799998 ], [ -77.007568874999947, -12.16933329799997 ], [ -77.011073522999936, -12.166972788999942 ], [ -77.014311542999963, -12.166413186999932 ], [ -77.009663434999936, -12.161194791999947 ], [ -77.007877794999956, -12.161468848999959 ], [ -77.007449749999978, -12.160329737999973 ], [ -77.01927152899998, -12.153866252999933 ] ] ] } },
{ "type": "Feature", "properties": { "distrito": "Independencia", "denuncias_total": 281, "denuncias_100m": 63, "tiene_ibc": false, "victimas_estimadas": null, "desconfianza_idx": null, "pct_denuncias": null, "pct_desconfianza": null, "brecha": null, "locales_afectados": null, "alumnos_expuestos": null, "docentes_expuestos": null, "inseguridad_col_educativa_pct": null, "comisaria_mala_pct": null, "pnp_atencion_mala_pct": null, "temor_extorsion_pct": null, "n_modulo_percepcion": 61.0 }, "geometry": { "type": "Polygon", "coordinates": [ [ [ -77.028716735999978, -11.962519479999969 ], [ -77.028281235999941, -11.960677729999929 ], [ -77.030372317999934, -11.96209590899997 ], [ -77.033943067999985, -11.962174537999942 ], [ -77.040580407999983, -11.965421516999982 ], [ -77.046052165999981, -11.965763789999926 ], [ -77.051806067999962, -11.969565805999935 ], [ -77.053011003999984, -11.972079701999974 ], [ -77.057365231999938, -11.975099918999945 ], [ -77.057763983999962, -11.976619559999961 ], [ -77.066026411999985, -11.977484225999945 ], [ -77.061313688999974, -12.008484811999949 ], [ -77.053798847999985, -12.007410008999955 ], [ -77.053008686999988, -12.010995358999935 ], [ -77.049659382999948, -12.010937645999945 ], [ -77.047660544999985, -12.01779892899998 ], [ -77.045404179999935, -12.017141080999977 ], [ -77.045870470999944, -12.014572151999971 ], [ -77.04411642599996, -12.010521276999953 ], [ -77.038734302999956, -12.004722069999957 ], [ -77.033688860999973, -12.001223354999979 ], [ -77.030654235999975, -11.996388729999978 ], [ -77.03052546899994, -11.985709619999966 ], [ -77.028587468999945, -11.982424619999961 ], [ -77.029796071999954, -11.97407347799998 ], [ -77.028824866999969, -11.972045373999947 ], [ -77.029367599999944, -11.969684016999963 ], [ -77.027444233999972, -11.966065807999939 ], [ -77.028716735999978, -11.962519479999969 ] ] ] } },
{ "type": "Feature", "properties": { "distrito": "La Victoria", "denuncias_total": 279, "denuncias_100m": 30, "tiene_ibc": false, "victimas_estimadas": null, "desconfianza_idx": null, "pct_denuncias": null, "pct_desconfianza": null, "brecha": null, "locales_afectados": null, "alumnos_expuestos": null, "docentes_expuestos": null, "inseguridad_col_educativa_pct": null, "comisaria_mala_pct": null, "pnp_atencion_mala_pct": null, "temor_extorsion_pct": null, "n_modulo_percepcion": 48.0 }, "geometry": { "type": "Polygon", "coordinates": [ [ [ -77.017292905999966, -12.05793142899995 ], [ -77.035382634999962, -12.05980243099998 ], [ -77.022842013999934, -12.090814789999968 ], [ -77.009849366999958, -12.088982924999982 ], [ -77.010047020999934, -12.084914670999979 ], [ -77.004138669999975, -12.084078125999952 ], [ -77.005214860999956, -12.081374979999964 ], [ -77.010050735999982, -12.078873104999957 ], [ -77.009652349999953, -12.076291010999967 ], [ -76.996304374999966, -12.068312024999955 ], [ -76.999926927999979, -12.063494877999972 ], [ -77.007251231999987, -12.060285741999962 ], [ -77.015599270999985, -12.061376305999943 ], [ -77.017292905999966, -12.05793142899995 ] ] ] } },
{ "type": "Feature", "properties": { "distrito": "Lince", "denuncias_total": 54, "denuncias_100m": 10, "tiene_ibc": false, "victimas_estimadas": null, "desconfianza_idx": null, "pct_denuncias": null, "pct_desconfianza": null, "brecha": null, "locales_afectados": null, "alumnos_expuestos": null, "docentes_expuestos": null, "inseguridad_col_educativa_pct": null, "comisaria_mala_pct": null, "pnp_atencion_mala_pct": null, "temor_extorsion_pct": null, "n_modulo_percepcion": 14.0 }, "geometry": { "type": "Polygon", "coordinates": [ [ [ -77.028068121, -12.078711608999981 ], [ -77.041747481999948, -12.080610928999931 ], [ -77.041934942999944, -12.082902235999939 ], [ -77.046282522999945, -12.08304031199998 ], [ -77.048655704999987, -12.085111524999945 ], [ -77.047686499999941, -12.091520854999942 ], [ -77.033810919999951, -12.089105411999981 ], [ -77.033574085999987, -12.090677536999976 ], [ -77.029991849999988, -12.091128440999967 ], [ -77.030222419999973, -12.091864346999955 ], [ -77.022842013999934, -12.090814789999968 ], [ -77.028068121, -12.078711608999981 ] ] ] } },
{ "type": "Feature", "properties": { "distrito": "Magdalena Del Mar", "denuncias_total": 61, "denuncias_100m": 14, "tiene_ibc": false, "victimas_estimadas": null, "desconfianza_idx": null, "pct_denuncias": null, "pct_desconfianza": null, "brecha": null, "locales_afectados": null, "alumnos_expuestos": null, "docentes_expuestos": null, "inseguridad_col_educativa_pct": null, "comisaria_mala_pct": null, "pnp_atencion_mala_pct": null, "temor_extorsion_pct": null, "n_modulo_percepcion": 12.0 }, "geometry": { "type": "Polygon", "coordinates": [ [ [ -77.071788280999954, -12.083692653999947 ], [ -77.074914060999959, -12.087501948999943 ], [ -77.073795347999976, -12.087943092999978 ], [ -77.074138708999953, -12.088926129999948 ], [ -77.075152098, -12.088598643999944 ], [ -77.078253142999984, -12.096715270999937 ], [ -77.06092450999995, -12.108198370999958 ], [ -77.060842970999943, -12.100973411999973 ], [ -77.057396239999946, -12.092547192999973 ], [ -77.055767696999965, -12.093346772999951 ], [ -77.055020817999946, -12.091863092999972 ], [ -77.063145364999968, -12.086482428999943 ], [ -77.071788280999954, -12.083692653999947 ] ] ] } },
{ "type": "Feature", "properties": { "distrito": "San Borja", "denuncias_total": 108, "denuncias_100m": 10, "tiene_ibc": false, "victimas_estimadas": null, "desconfianza_idx": null, "pct_denuncias": null, "pct_desconfianza": null, "brecha": null, "locales_afectados": null, "alumnos_expuestos": null, "docentes_expuestos": null, "inseguridad_col_educativa_pct": null, "comisaria_mala_pct": null, "pnp_atencion_mala_pct": null, "temor_extorsion_pct": null, "n_modulo_percepcion": 21.0 }, "geometry": { "type": "Polygon", "coordinates": [ [ [ -76.987195257999986, -12.080074555999943 ], [ -76.989601561999962, -12.081730463999975 ], [ -76.993436140999961, -12.08164538799997 ], [ -76.99355884199997, -12.080968819999953 ], [ -76.999109374999989, -12.083394536999947 ], [ -77.010047020999934, -12.084914670999979 ], [ -77.009849366999958, -12.088982924999982 ], [ -77.00754686099998, -12.088955104999968 ], [ -77.012113235999948, -12.09911135699997 ], [ -77.009587495999938, -12.112366967999947 ], [ -76.978249302999984, -12.110205174999976 ], [ -76.982120532999943, -12.08499969899998 ], [ -76.983997276999958, -12.085033446999944 ], [ -76.987195257999986, -12.080074555999943 ] ] ] } },
{ "type": "Feature", "properties": { "distrito": "San Isidro", "denuncias_total": 79, "denuncias_100m": 10, "tiene_ibc": false, "victimas_estimadas": null, "desconfianza_idx": null, "pct_denuncias": null, "pct_desconfianza": null, "brecha": null, "locales_afectados": null, "alumnos_expuestos": null, "docentes_expuestos": null, "inseguridad_col_educativa_pct": null, "comisaria_mala_pct": null, "pnp_atencion_mala_pct": null, "temor_extorsion_pct": null, "n_modulo_percepcion": 12.0 }, "geometry": { "type": "Polygon", "coordinates": [ [ [ -77.048655517999975, -12.085112709999976 ], [ -77.053257204999966, -12.093043336999926 ], [ -77.055020817999946, -12.091863092999972 ], [ -77.055767696999965, -12.093346772999951 ], [ -77.057396239999946, -12.092547192999973 ], [ -77.060842970999943, -12.100973411999973 ], [ -77.06092450999995, -12.108198370999958 ], [ -77.058952042999977, -12.110030291999976 ], [ -77.056478243999948, -12.111334991999968 ], [ -77.053507860999957, -12.109609354999975 ], [ -77.053154569999947, -12.108451604999971 ], [ -77.051439450999965, -12.110312498999974 ], [ -77.04932305899996, -12.108310457999949 ], [ -77.046691401999965, -12.110941407999974 ], [ -77.043148458999951, -12.110885590999942 ], [ -77.040479534999974, -12.108361387999935 ], [ -77.039074448999941, -12.109784844999979 ], [ -77.038250001999984, -12.108976567999946 ], [ -77.036656173999972, -12.110017250999931 ], [ -77.031583208999962, -12.103540176999957 ], [ -77.018765610999935, -12.101921854999944 ], [ -77.016478001999985, -12.102286356999969 ], [ -77.016552735999937, -12.105568354999946 ], [ -77.014782501999946, -12.108058780999954 ], [ -77.010506610999983, -12.10728907999993 ], [ -77.012113235999948, -12.09911135699997 ], [ -77.007589809999956, -12.088680293999971 ], [ -77.030222419999973, -12.091864346999955 ], [ -77.029991849999988, -12.091128440999967 ], [ -77.033574085999987, -12.090677536999976 ], [ -77.033810919999951, -12.089105411999981 ], [ -77.046509173999937, -12.091672008999979 ], [ -77.047686499999941, -12.091520854999942 ], [ -77.048655517999975, -12.085112709999976 ] ] ] } },
{ "type": "Feature", "properties": { "distrito": "San Luis", "denuncias_total": 90, "denuncias_100m": 20, "tiene_ibc": false, "victimas_estimadas": null, "desconfianza_idx": null, "pct_denuncias": null, "pct_desconfianza": null, "brecha": null, "locales_afectados": null, "alumnos_expuestos": null, "docentes_expuestos": null, "inseguridad_col_educativa_pct": null, "comisaria_mala_pct": null, "pnp_atencion_mala_pct": null, "temor_extorsion_pct": null, "n_modulo_percepcion": 3.0 }, "geometry": { "type": "Polygon", "coordinates": [ [ [ -76.99779855099996, -12.060831213999961 ], [ -76.999884878999978, -12.060568537999927 ], [ -77.000005335999958, -12.061481090999962 ], [ -77.002890407999985, -12.061570496999934 ], [ -77.003197393999983, -12.062580805999971 ], [ -76.999926927999979, -12.063494877999972 ], [ -76.996304374999966, -12.068312024999955 ], [ -77.008875003999947, -12.075609377999967 ], [ -77.010355390999962, -12.07818277299998 ], [ -77.009220735999975, -12.079708979999964 ], [ -77.005214860999956, -12.081374979999964 ], [ -77.004138669999975, -12.084078125999952 ], [ -76.999109374999989, -12.083394536999947 ], [ -76.99355884199997, -12.080968819999953 ], [ -76.993436140999961, -12.08164538799997 ], [ -76.989601561999962, -12.081730463999975 ], [ -76.987304725999934, -12.079933295999979 ], [ -76.991027347999989, -12.074480516999927 ], [ -76.987694833999967, -12.073591918999966 ], [ -76.988903702999949, -12.071047961999966 ], [ -76.98722040399997, -12.064066328999957 ], [ -76.99809569699994, -12.063665998999966 ], [ -76.99779855099996, -12.060831213999961 ] ] ] } },
{ "type": "Feature", "properties": { "distrito": "Santa Anita", "denuncias_total": 265, "denuncias_100m": 52, "tiene_ibc": false, "victimas_estimadas": null, "desconfianza_idx": null, "pct_denuncias": null, "pct_desconfianza": null, "brecha": null, "locales_afectados": null, "alumnos_expuestos": null, "docentes_expuestos": null, "inseguridad_col_educativa_pct": null, "comisaria_mala_pct": null, "pnp_atencion_mala_pct": null, "temor_extorsion_pct": null, "n_modulo_percepcion": 37.0 }, "geometry": { "type": "Polygon", "coordinates": [ [ [ -76.943928895999989, -12.02762077899996 ], [ -76.962044675999948, -12.030849326999942 ], [ -76.975119929999948, -12.040199203999975 ], [ -76.988149645999954, -12.039549551999926 ], [ -76.984606128999985, -12.044266858999947 ], [ -76.985949753999989, -12.047377088999951 ], [ -76.988754272999984, -12.048273084999948 ], [ -76.990741003999972, -12.052199950999977 ], [ -76.986137757999984, -12.056282840999927 ], [ -76.975310384999943, -12.053875651999931 ], [ -76.973334005999959, -12.058438414999955 ], [ -76.937834825999971, -12.043758727999943 ], [ -76.942871714999967, -12.032128535999959 ], [ -76.94283659599995, -12.028238942999963 ], [ -76.943928895999989, -12.02762077899996 ] ] ] } },
{ "type": "Feature", "properties": { "distrito": "Santa Rosa", "denuncias_total": 35, "denuncias_100m": 0, "tiene_ibc": false, "victimas_estimadas": null, "desconfianza_idx": null, "pct_denuncias": null, "pct_desconfianza": null, "brecha": null, "locales_afectados": null, "alumnos_expuestos": null, "docentes_expuestos": null, "inseguridad_col_educativa_pct": null, "comisaria_mala_pct": null, "pnp_atencion_mala_pct": null, "temor_extorsion_pct": null, "n_modulo_percepcion": 14.0 }, "geometry": { "type": "Polygon", "coordinates": [ [ [ -77.139148435999971, -11.800107416999936 ], [ -77.158265622999977, -11.781101563999925 ], [ -77.186402482999938, -11.789188277999926 ], [ -77.181840118999958, -11.795275455999956 ], [ -77.181255860999954, -11.797335979999957 ], [ -77.182187485999975, -11.797566354999958 ], [ -77.182320360999938, -11.799525354999957 ], [ -77.179751985999985, -11.799888729999964 ], [ -77.178017610999973, -11.801943354999935 ], [ -77.179222610999943, -11.803958979999948 ], [ -77.178900361, -11.805623104999938 ], [ -77.18027736099998, -11.807150354999976 ], [ -77.177615235999951, -11.807675729999971 ], [ -77.178974610999944, -11.809294979999947 ], [ -77.17791011099996, -11.809554729999945 ], [ -77.176630860999978, -11.815382854999939 ], [ -77.178029235999986, -11.816212854999947 ], [ -77.178011735999974, -11.817470729999968 ], [ -77.180339860999936, -11.817081979999955 ], [ -77.180628860999946, -11.818099604999929 ], [ -77.182962860999965, -11.818841979999945 ], [ -77.183249985999964, -11.820158229999947 ], [ -77.179986360999976, -11.821818354999948 ], [ -77.179759735999937, -11.822736354999961 ], [ -77.182572235999942, -11.822847604999936 ], [ -77.182607360999953, -11.824511729999927 ], [ -77.185816360999979, -11.824060604999943 ], [ -77.187849765999943, -11.825996496999949 ], [ -77.18805073599998, -11.828568354999959 ], [ -77.184866, -11.825717469999972 ], [ -77.182718872999942, -11.828147451999939 ], [ -77.177731696999956, -11.828732633999948 ], [ -77.176718862999962, -11.828097660999958 ], [ -77.177071692999959, -11.826549301999933 ], [ -77.174790333999965, -11.825511113999937 ], [ -77.170056085999988, -11.826818211999978 ], [ -77.168025589999957, -11.825683344999959 ], [ -77.164851478999935, -11.82690774699995 ], [ -77.163132278999967, -11.826700086999949 ], [ -77.162589265999941, -11.824793717999967 ], [ -77.156950841999958, -11.825806604999968 ], [ -77.155511030999946, -11.822434371999975 ], [ -77.152550206999933, -11.821074809999971 ], [ -77.149201767999955, -11.821608297999944 ], [ -77.148073288999967, -11.819336580999959 ], [ -77.147105360999944, -11.81927735499994 ], [ -77.139148435999971, -11.800107416999936 ] ] ] } },
{ "type": "Feature", "properties": { "distrito": "Santiago De Surco", "denuncias_total": 313, "denuncias_100m": 37, "tiene_ibc": false, "victimas_estimadas": null, "desconfianza_idx": null, "pct_denuncias": null, "pct_desconfianza": null, "brecha": null, "locales_afectados": null, "alumnos_expuestos": null, "docentes_expuestos": null, "inseguridad_col_educativa_pct": null, "comisaria_mala_pct": null, "pnp_atencion_mala_pct": null, "temor_extorsion_pct": null, "n_modulo_percepcion": 69.0 }, "geometry": { "type": "Polygon", "coordinates": [ [ [ -76.959614231999979, -12.075749205999955 ], [ -76.963778120999962, -12.077101217999939 ], [ -76.969979098999943, -12.08371769699994 ], [ -76.972947339999962, -12.083820575999937 ], [ -76.974382692999939, -12.077367741999979 ], [ -76.974824665999961, -12.07879098199993 ], [ -76.976092938999955, -12.078288418999932 ], [ -76.982030804999965, -12.084822344999964 ], [ -76.978249302999984, -12.110205174999976 ], [ -76.993592628999977, -12.111276905999944 ], [ -76.998305073999973, -12.12141590799996 ], [ -77.002833753999937, -12.126425299999937 ], [ -77.001594921999981, -12.128862000999959 ], [ -77.009568438999963, -12.12764109699998 ], [ -77.009464304999938, -12.129913303999956 ], [ -77.011771485999986, -12.12999999799996 ], [ -77.012994134999985, -12.131261705999975 ], [ -77.013738282999952, -12.12941015399997 ], [ -77.018023439, -12.130421870999953 ], [ -77.017874376999941, -12.13572172399995 ], [ -77.012440921999939, -12.140411748999952 ], [ -77.018376604999958, -12.152608311999927 ], [ -77.015622735999955, -12.154725198999927 ], [ -77.016050778999954, -12.155620092999982 ], [ -77.007449749999978, -12.160329737999973 ], [ -77.007877794999956, -12.161468848999959 ], [ -77.009663434999936, -12.161194791999947 ], [ -77.014311542999963, -12.166413186999932 ], [ -77.011073522999936, -12.166972788999942 ], [ -77.007568874999947, -12.16933329799997 ], [ -77.004253731999938, -12.17364140799998 ], [ -77.002383306999945, -12.174174332999939 ], [ -76.999422888999959, -12.166592125999955 ], [ -76.990444970999988, -12.172970432999932 ], [ -76.988031985999953, -12.172541854999963 ], [ -76.986444235999954, -12.167886604999978 ], [ -76.984410202999982, -12.166479239999944 ], [ -76.983795833999977, -12.164234004999969 ], [ -76.984862009999972, -12.157710125999927 ], [ -76.983123766999938, -12.15753856799995 ], [ -76.983766149999951, -12.152147346999982 ], [ -76.980757776999951, -12.138735198999939 ], [ -76.977214431999982, -12.139737520999972 ], [ -76.976959458999943, -12.141057678999971 ], [ -76.978014378999944, -12.14133273799996 ], [ -76.976226464999968, -12.143528090999951 ], [ -76.974461598999937, -12.142134813999974 ], [ -76.975551888999973, -12.137145026999974 ], [ -76.974430241999983, -12.136769817999948 ], [ -76.974565706999954, -12.134888518999958 ], [ -76.972156735999988, -12.135028207999937 ], [ -76.970795915999986, -12.132247438999968 ], [ -76.966201966999961, -12.129171104999955 ], [ -76.960469733999957, -12.12057202099993 ], [ -76.95857971099997, -12.119598559999929 ], [ -76.957465722999984, -12.116988327999934 ], [ -76.955050497999935, -12.115555340999947 ], [ -76.950295985999958, -12.115846920999957 ], [ -76.947746110999958, -12.117535104999945 ], [ -76.947243391999962, -12.116961493999952 ], [ -76.948649081999974, -12.112944045999939 ], [ -76.94857422299998, -12.110016217999942 ], [ -76.950487292999981, -12.107778756999949 ], [ -76.950994671999979, -12.104426727999964 ], [ -76.957752907999975, -12.097493121999946 ], [ -76.961212468999975, -12.090840620999927 ], [ -76.960352237999984, -12.083795516999942 ], [ -76.957557116999965, -12.080139703999976 ], [ -76.959384556999964, -12.078343459999928 ], [ -76.957651362999968, -12.076372799999945 ], [ -76.959614231999979, -12.075749205999955 ] ] ] } },
{ "type": "Feature", "properties": { "distrito": "Surquillo", "denuncias_total": 80, "denuncias_100m": 13, "tiene_ibc": false, "victimas_estimadas": null, "desconfianza_idx": null, "pct_denuncias": null, "pct_desconfianza": null, "brecha": null, "locales_afectados": null, "alumnos_expuestos": null, "docentes_expuestos": null, "inseguridad_col_educativa_pct": null, "comisaria_mala_pct": null, "pnp_atencion_mala_pct": null, "temor_extorsion_pct": null, "n_modulo_percepcion": 29.0 }, "geometry": { "type": "Polygon", "coordinates": [ [ [ -77.016478001999985, -12.102286356999969 ], [ -77.027358380999942, -12.102848235999943 ], [ -77.025922944999934, -12.119156807999957 ], [ -77.018253987999969, -12.119415713999956 ], [ -77.018253577999985, -12.120556739999927 ], [ -77.017281253999954, -12.120550780999963 ], [ -77.017308216999936, -12.119364067999982 ], [ -77.013821284999949, -12.11929331999994 ], [ -77.013183233999939, -12.11765675099997 ], [ -77.010097532999964, -12.115643614999954 ], [ -77.002833753999937, -12.126425299999937 ], [ -76.998305073999973, -12.12141590799996 ], [ -76.993592628999977, -12.111276905999944 ], [ -77.009587495999938, -12.112366967999947 ], [ -77.010506610999983, -12.10728907999993 ], [ -77.014782501999946, -12.108058780999954 ], [ -77.016552735999937, -12.105568354999946 ], [ -77.016478001999985, -12.102286356999969 ] ] ] } }
]
}
